block_number,transaction_index,transaction_hash,address,slot,from_value,to_value,chain_id
18732000,0,0xe9942a99c6f553d5ba4c6d2cd8f7b480d321377fc1e1a19897c3519b5de517d3,0xd729345aa12c5af2121d96f87b673987f354496b,0x7d4e6feaef1b07fef897d238ae751b6cde7c16b70d2fd38a7d8502b89d860b10,0x0000000000000000000000000000000000000000000000000000000000000000,0x0000000000000000000000000000000000000000000000000000000000000001,1
18732000,2,0xe064955bfaa72ba0a4038d1e1b9e10fecc4281ebfb8d3828606c7bf24820c7a9,0xf411903cbc70a74d22900a5de66a2dda66507255,0x4b7a99536838a7e4bf43dd05ded4b6a9ac28f6fedf97fa2e42c17f5fb7f3d655,0x0000000000000000000000000000000000000000004609cbc6945fc75a76ba16,0x00000000000000000000000000000000000000000048db01cf7c0c289312ba16,1
18732000,2,0xe064955bfaa72ba0a4038d1e1b9e10fecc4281ebfb8d3828606c7bf24820c7a9,0xf411903cbc70a74d22900a5de66a2dda66507255,0x6d7f7c48eb98af29cd33c4de7aeb55f5f44387c22157d8d646de17a514ce37ed,0x00000000000000000000000000000000000000000002d13608e7ac61389c0000,0x0000000000000000000000000000000000000000000000000000000000000000,1
18732000,3,0xdf5e776e3d0c675b8fff1038327108367c823a5f560737f66651fc5ee88ff671,0xdac17f958d2ee523a2206206994597c13d831ec7,0x94bf8e606115de0e6bcb4993bd13f14880265a587ca849fa83e6c2e41c99c492,0x0000000000000000000000000000000000000000000000000000002081d3e0e0,0x00000000000000000000000000000000000000000000000000000020805668a0,1
18732000,3,0xdf5e776e3d0c675b8fff1038327108367c823a5f560737f66651fc5ee88ff671,0xdac17f958d2ee523a2206206994597c13d831ec7,0xc121e620f8d3e10e62e79ca43636dc70b95561ee846c3c180d20cb2fd864a5fc,0x0000000000000000000000000000000000000000000000000000000001ab8d20,0x0000000000000000000000000000000000000000000000000000000003290560,1
18732000,12,0xa98fcfd1739302a87ce561f2f333c42316aad66b641184429a9d088cbc06a306,0x45b6d1cfcc0218f4d57db1a2895c0f14c8c3cf96,0x67319767647f62de86817c395ec75518f72463258f3ac0d2e3ee3c141c18ae12,0x00000000000000000000000000000000000000000045b26aa5b8be290112e72b,0x0000000000000000000000000000000000000000004561faa7ef12e27b831d82,1
18732000,12,0xa98fcfd1739302a87ce561f2f333c42316aad66b641184429a9d088cbc06a306,0x45b6d1cfcc0218f4d57db1a2895c0f14c8c3cf96,0x74a7812bab1d61f4d0d775f7c8376249f8d9a4b2c6a68fb4eac58f546c5a7a00,0x00000000000000000000000000000000000000000000782602ac340aaa3c90a3,0x00000000000000000000000000000000000000000000c8960075df512fcc5a4c,1
18732000,12,0xa98fcfd1739302a87ce561f2f333c42316aad66b641184429a9d088cbc06a306,0xb053b05e92472098ff8728cbf910cd332dd96ac6,0x0000000000000000000000000000000000000000000000000000000000000008,0x6571481f000000000004e4a83cc87544282a00000045b26aa5b8be290112e72b,0x65714843000000000004ea58d99c5b2d282a0000004561faa7ef12e27b831d82,1
18732000,12,0xa98fcfd1739302a87ce561f2f333c42316aad66b641184429a9d088cbc06a306,0xb053b05e92472098ff8728cbf910cd332dd96ac6,0x0000000000000000000000000000000000000000000000000000000000000009,0x00000000000000000000000000000000000016c41c05c3a7638f5cb67e0a3ad8,0x00000000000000000000000000000000000016c6a30c2635000b55ed48ca0074,1
18732000,12,0xa98fcfd1739302a87ce561f2f333c42316aad66b641184429a9d088cbc06a306,0xb053b05e92472098ff8728cbf910cd332dd96ac6,0x000000000000000000000000000000000000000000000000000000000000000a,0x0000000000000000000000000186045722ec79fd8bd003fc9f110408411d87ac,0x00000000000000000000000001860657e87298b1108db7f4949831df89821eec,1
18732000,12,0xa98fcfd1739302a87ce561f2f333c42316aad66b641184429a9d088cbc06a306,0xc02aaa39b223fe8d0a0e5c4f27ead9083c756cc2,0x113c6deb60fdcba9ea405ce450df7c8c78155d085093a65597dcaa7b4bb21d4b,0x000000000000000000000000000000000000000000000004e4a83cc87544282a,0x000000000000000000000000000000000000000000000004ea58d99c5b2d282a,1
18732000,14,0xcb4fe91ed328403cae42f022a7ae39d57c26bbbac437cc61ce16e5b93a7a3a50,0x69864dd57e66d4ad9aaa4b7811e686ffdc79e71c,0xd3f976dfa283b0afb6ee48e2cb595db66048c0bfe38aa9eb1a33f84ba3618b53,0x0000000000000000000000000000000000000000000000000000000000000000,0xffffffffffffffffffffffffffffffffffffffffffffffffffffffffffffffff,1
18732000,16,0x26dfab5c8604ffba8bd7716ec51f5f31836d0af755fd718d38ae78bd6e7e424b,0x54a2d1df72b86f6470e76eb6ee46d3051bca6275,0x4cace591073fa1171e3da84c051f1343d1f37f0553b0bdb8bf1eceb6db358e57,0x0000000000000000000000000000000000000000000000000000000000000000,0x00000000000000000000000000000000000000000000002625858fbe5ae00000,1
18732000,16,0x26dfab5c8604ffba8bd7716ec51f5f31836d0af755fd718d38ae78bd6e7e424b,0xe55d97a97ae6a17706ee281486e98a84095d8aaf,0x8dc08353269228d72b7ee4471f5bb7e5f4b5c810df5ae15de884528a52e01754,0x00000000000000000000000000000000000000000002102272bcef7988500000,0x000000000000000000000000000000000000000000020ffc4d375fbb2d700000,1
18732000,16,0x26dfab5c8604ffba8bd7716ec51f5f31836d0af755fd718d38ae78bd6e7e424b,0xe55d97a97ae6a17706ee281486e98a84095d8aaf,0xd50a611b3f9986a20cf7027de6547577ef71d113928cc2c530cd7bf6327556c8,0x00000000000000000000000000000000000000000000009896163ef96b800000,0x0000000000000000000000000000000000000000000000bebb9bceb7c6600000,1
18732000,17,0xcee47ffe1e3750b7c588c33db03e775f1df6ebd81fa89695ce2a3b526fcf541f,0x1940a7b039ab210689aafb332c5f07b523d81f36,0x0000000000000000000000000000000000000000000000000000000000000002,0x000000000000000000000000000000000000000000727f77a3984551f1933cd2,0x00000000000000000000000000000000000000000072857107fc20e595ec75b6,1
18732000,17,0xcee47ffe1e3750b7c588c33db03e775f1df6ebd81fa89695ce2a3b526fcf541f,0x1940a7b039ab210689aafb332c5f07b523d81f36,0x39d44bfb6139a8f54991c9a8c9b2aabc132bf0af0da048ac20e2b65bf874f709,0x00000000000000000000000000000000000000000000077b3122ee6b519438e3,0x000000000000000000000000000000000000000000000d749586c9fef5ed71c7,1
18732000,17,0xcee47ffe1e3750b7c588c33db03e775f1df6ebd81fa89695ce2a3b526fcf541f,0xce3ab27f003fda9aa4187288549e8978cd33b6b5,0x2a9b81080898b96c49b6e5474fc9f8a483d5a1036e1b74c1a372832353f44001,0x0000000000000000000000000000000000000000000000000000000064c3ba29,0x000000000000000000000000000000000000000000000000000000006571725f,1
18732000,17,0xcee47ffe1e3750b7c588c33db03e775f1df6ebd81fa89695ce2a3b526fcf541f,0xce3ab27f003fda9aa4187288549e8978cd33b6b5,0xda70a2ee975d3f0961a9b63d204c5f5bc64ca338ec09bdbe72576001581ca1be,0x0000000000000000000000000000000000000000000000000000000000000003,0x0000000000000000000000000000000000000000000000000000000000000004,1
18732000,20,0x9349cbb0a3acbd69421e1008434f914aed16aa8f84ddee94094bbc40cad9e76d,0x7fc66500c84a76ad7e9c93437bfc5ac33e2ddae9,0x03f6834f6ea896dabf6b097409a3f966e43e2bfb011ace2efea5268257ea3860,0x0000000000000000000000000000000000000000000000000000000000000001,0x0000000000000000000000000000000000000000000000000000000000000002,1
18732000,20,0x9349cbb0a3acbd69421e1008434f914aed16aa8f84ddee94094bbc40cad9e76d,0x7fc66500c84a76ad7e9c93437bfc5ac33e2ddae9,0x2891b9db78752d7619299e1cbd79433c87098c93ce4ff2b058be400e0587d946,0x0000000000000000000000000000000000000000000000000000000000008fc9,0x0000000000000000000000000000000000000000000000000000000000008fca,1
18732000,20,0x9349cbb0a3acbd69421e1008434f914aed16aa8f84ddee94094bbc40cad9e76d,0x7fc66500c84a76ad7e9c93437bfc5ac33e2ddae9,0x4dcfcb695032774559e5317a850b9fc4d25e995dc32c969681742b34e7fe0424,0x0000000000000000000000000000000000000000000000000000000000000000,0x00000000000000000000000000000000000000000000000000000000011dd3e0,1
18732000,20,0x9349cbb0a3acbd69421e1008434f914aed16aa8f84ddee94094bbc40cad9e76d,0x7fc66500c84a76ad7e9c93437bfc5ac33e2ddae9,0x5c75e7ea327cef0f87bf198af5e31113c0e90e04a198b32b3a88351833348e09,0x0000000000000000000000000000000000000000000000002b9a330abe353b65,0x0000000000000000000000000000000000000000000000000000000000000000,1
18732000,20,0x9349cbb0a3acbd69421e1008434f914aed16aa8f84ddee94094bbc40cad9e76d,0x7fc66500c84a76ad7e9c93437bfc5ac33e2ddae9,0x5d452f522a78f0a5154968a7a73b62d48c0116d6110be63745ec68908cc3efce,0x00000000000000000000000000000000000000000000182859268d60e6d74e7c,0x00000000000000000000000000000000000000000000182884c0c06ba50c89e1,1
18732000,20,0x9349cbb0a3acbd69421e1008434f914aed16aa8f84ddee94094bbc40cad9e76d,0x7fc66500c84a76ad7e9c93437bfc5ac33e2ddae9,0x809fbffce3f94774168b4bb185e657f53a27b1a0054c754b29e4be72bffe1e9b,0x0000000000000000000000000000000000000000000000000000000000000001,0x0000000000000000000000000000000000000000000000000000000000000002,1
18732000,20,0x9349cbb0a3acbd69421e1008434f914aed16aa8f84ddee94094bbc40cad9e76d,0x7fc66500c84a76ad7e9c93437bfc5ac33e2ddae9,0x9d473cf840fd067feada5295d1c2b23f4ffac53d9eb846e12259d5fd8acda30a,0x0000000000000000000000000000000000000000000000000000000000000000,0x000000000000182884c0c06ba50c89e1000000000000000000000000011dd3e0,1
18732000,20,0x9349cbb0a3acbd69421e1008434f914aed16aa8f84ddee94094bbc40cad9e76d,0x7fc66500c84a76ad7e9c93437bfc5ac33e2ddae9,0xc209cb657c6275ae30cdce077a12f1ec9e10aceb2e114ccdf1b246f59deeeee4,0x0000000000000000000000000000000000000000000000000000000000000000,0x000000000000182884c0c06ba50c89e1000000000000000000000000011dd3e0,1
18732000,20,0x9349cbb0a3acbd69421e1008434f914aed16aa8f84ddee94094bbc40cad9e76d,0x7fc66500c84a76ad7e9c93437bfc5ac33e2ddae9,0xd3af873fd666a532c866b90001c5ce0710d2262b7e99a1c23f6cd247bb59f123,0x0000000000000000000000000000000000000000000000000000000000000000,0x00000000000000000000000000000000000000000000000000000000011dd3e0,1
18732000,20,0x9349cbb0a3acbd69421e1008434f914aed16aa8f84ddee94094bbc40cad9e76d,0x7fc66500c84a76ad7e9c93437bfc5ac33e2ddae9,0xdab601146720ae63893ffe4b9fae21f17f83852830b9a99c151c2ca44e3ab31e,0x0000000000000000000000000000000000000000000000000000000000008fc9,0x0000000000000000000000000000000000000000000000000000000000008fca,1
18732000,22,0x0b93dea3d0f2bba3096b3ee1c372b3083bc4971b874e4ab623d10d0f82273b9c,0x33e07f5055173cf8febede8b21b12d1e2b523205,0x154cf14dc7ffde8188a3ca517338ed16b49712bcf8e143697493aac4e42e3d2d,0x0000000000000000000000000000000000000000000000046be2aaba477246fc,0x0000000000000000000000000000000000000000000001c12af92becaf1246fc,1
18732000,22,0x0b93dea3d0f2bba3096b3ee1c372b3083bc4971b874e4ab623d10d0f82273b9c,0x33e07f5055173cf8febede8b21b12d1e2b523205,0x7d968fe42312070ba0772763e78255166e749ca3382b0e2cc5ac8dcd0a836ea9,0x000000000000000000000000000000000000000000053d37315de0c42a408ece,0x000000000000000000000000000000000000000000053b7a72475f91c2a08ece,1
18732000,22,0x0b93dea3d0f2bba3096b3ee1c372b3083bc4971b874e4ab623d10d0f82273b9c,0xc8c1b41713761281a520b7ad81544197bc85a4ce,0x43c919c0f8354584b35e5cceb3329ce4e9592261da4194d3a1c179d26d0a0eea,0x0000000000000000000000000000000000000000000000000000000000000000,0x0000000000000000000000000000000000000000000000000000000000000001,1
18732000,23,0x5e1607ed785494b853eece2ef177f1a38b73b8ddf43fb518fa33ad1b2bdffc86,0x367e2d443988e4b222fbfdafdb35eeb7dda9fbb7,0x0000000000000000000000000000000000000000000000000000000000000008,0x65714837000000000019bd73f6ef8ed647fb000000000000c2a5770deb44220c,0x6571484300000000001ab2589adaa346b3fb000000000000bbb11b080a3c106d,1
18732000,23,0x5e1607ed785494b853eece2ef177f1a38b73b8ddf43fb518fa33ad1b2bdffc86,0x367e2d443988e4b222fbfdafdb35eeb7dda9fbb7,0x0000000000000000000000000000000000000000000000000000000000000009,0x0000000000000000000000000000bacbbc527c9f74ca5429144b0692e24a92a4,0x0000000000000000000000000000bacbbde8ba764685f249fd6eb4cffe56b7b4,1
18732000,23,0x5e1607ed785494b853eece2ef177f1a38b73b8ddf43fb518fa33ad1b2bdffc86,0x367e2d443988e4b222fbfdafdb35eeb7dda9fbb7,0x000000000000000000000000000000000000000000000000000000000000000a,0x0000000000000000000000000000002ddada8fc26af9a8bf767dfe30740af42b,0x0000000000000000000000000000002ddadaea80e455697df46a762994776c13,1
18732000,23,0x5e1607ed785494b853eece2ef177f1a38b73b8ddf43fb518fa33ad1b2bdffc86,0xc02aaa39b223fe8d0a0e5c4f27ead9083c756cc2,0x09770d50fec896293ec7d9b83e443dda0ca50508b51012fa46620faa003220f4,0x000000000000000000000000000000000000000000000000c2a5770deb44220c,0x000000000000000000000000000000000000000000000000bbb11b080a3c106d,1
18732000,23,0x5e1607ed785494b853eece2ef177f1a38b73b8ddf43fb518fa33ad1b2bdffc86,0xc02aaa39b223fe8d0a0e5c4f27ead9083c756cc2,0xff41fc1a4467012a5b07073cde03267706f20f2b2e49c6972e0b0b071956a000,0x000000000000000000000000000000000000000000000003e395781e4aa72bdd,0x000000000000000000000000000000000000000000000003ea89d4242baf3d7c,1
18732000,23,0x5e1607ed785494b853eece2ef177f1a38b73b8ddf43fb518fa33ad1b2bdffc86,0xde5ed76e7c05ec5e4572cfc88d1acea165109e44,0x2cd2abfe98cd5f4c1448311b19a78837b43a8620087b445919b22f9c9d99a669,0x000000000000000000000000000000000000000000000019bd73f6ef8ed647fb,0x00000000000000000000000000000000000000000000001ab2589adaa346b3fb,1
18732000,23,0x5e1607ed785494b853eece2ef177f1a38b73b8ddf43fb518fa33ad1b2bdffc86,0xde5ed76e7c05ec5e4572cfc88d1acea165109e44,0x88ce56e96bf4cbdb03ea3d67b5eb37e2744e650a174210ec15a1fbd3d8090cce,0x000000000000000000000000000000000000000000000000f4e4a3eb14706c00,0x0000000000000000000000000000000000000000000000000000000000000000,1
18732000,24,0x3a5c416e1bfb01f54a938876f6a6af7044d47217a96161f6b1b66e0485198f10,0x9b99cca871be05119b2012fd4474731dd653febe,0xacd59ad0f3e56044be55f3af137a8a3b8037471f08043d3ee4b4b256cefad40d,0x0000000000000000000000000000000000000000000001462b96332fd61c8800,0x0000000000000000000000000000000000000000000000000000000000000000,1
18732000,24,0x3a5c416e1bfb01f54a938876f6a6af7044d47217a96161f6b1b66e0485198f10,0x9b99cca871be05119b2012fd4474731dd653febe,0xf20a9c4946da9f2a975d60fc34d32356894373b3810bd5972d9e5436d159a7da,0x000000000000000000000000000000000000000000013fe5b94d1d04c7db3582,0x00000000000000000000000000000000000000000001412be4e350349df7bd82,1
18732000,24,0x3a5c416e1bfb01f54a938876f6a6af7044d47217a96161f6b1b66e0485198f10,0xc02aaa39b223fe8d0a0e5c4f27ead9083c756cc2,0x277919a791352c7657824b98a395dcb9aac913eaa6407a360b8a4e9a6338f8b7,0x00000000000000000000000000000000000000000000000773f77dd65083901d,0x0000000000000000000000000000000000000000000000076c6b9e617b6209af,1
18732000,24,0x3a5c416e1bfb01f54a938876f6a6af7044d47217a96161f6b1b66e0485198f10,0xc02aaa39b223fe8d0a0e5c4f27ead9083c756cc2,0xff41fc1a4467012a5b07073cde03267706f20f2b2e49c6972e0b0b071956a000,0x000000000000000000000000000000000000000000000003ea89d4242baf3d7c,0x000000000000000000000000000000000000000000000003f215b39900d0c3ea,1
18732000,24,0x3a5c416e1bfb01f54a938876f6a6af7044d47217a96161f6b1b66e0485198f10,0xec7a1a2896d4b9d7014fa7be2aa936c8a76a8072,0x0000000000000000000000000000000000000000000000000000000000000008,0x657144fb00000000000773f77dd65083901d000000013fe5b94d1d04c7db3582,0x657148430000000000076c6b9e617b6209af00000001412be4e350349df7bd82,1
18732000,24,0x3a5c416e1bfb01f54a938876f6a6af7044d47217a96161f6b1b66e0485198f10,0xec7a1a2896d4b9d7014fa7be2aa936c8a76a8072,0x0000000000000000000000000000000000000000000000000000000000000009,0x000000000000000000000000000000001bc030d67d60bf4eff00032fab1f7898,0x000000000000000000000000000000001bc04468826e5ccd055a94f7078160a0,1
18732000,24,0x3a5c416e1bfb01f54a938876f6a6af7044d47217a96161f6b1b66e0485198f10,0xec7a1a2896d4b9d7014fa7be2aa936c8a76a8072,0x000000000000000000000000000000000000000000000000000000000000000a,0x000000000000000000000000016fe0eade4ab5b943b0131067c2bc206f97f837,0x000000000000000000000000016fe177b4c2b4326bcd8ff801e5a571dcdf742f,1
18732000,27,0x51a53492b375e98d8358a2c4b4644e1e5774816be2a78a66bbe829a86ecd38e2,0xbbbbca6a901c926f240b89eacb641d8aec7aeafd,0x50a9d82edc25204308cf4a3c6349f770ffe19d6476b284fefdf3837e1d0b9e8c,0x0000000000000000000000000000000000000000000000a317c8579be8488000,0x0000000000000000000000000000000000000000000000000000000000000000,1
18732000,27,0x51a53492b375e98d8358a2c4b4644e1e5774816be2a78a66bbe829a86ecd38e2,0xbbbbca6a901c926f240b89eacb641d8aec7aeafd,0xe3b8af9ceb925f499bed44a7cbad61367798c5ea2e45ad93dc76883d96964d95,0x0000000000000000000000000000000000000000000000000000000000000000,0x0000000000000000000000000000000000000000000000a317c8579be8488000,1
18732000,28,0x4ee95f3315b17b64cacb530bbb80d54d50482efa8d8c7821fb1631a7d07c7acc,0x32400084c286cf3e17e7b677ea9583e60a000324,0x0000000000000000000000000000000000000000000000000000000000000011,0x0000000000000000000000000000000000000000000000000000000000299837,0x0000000000000000000000000000000000000000000000000000000000299838,1
18732000,28,0x4ee95f3315b17b64cacb530bbb80d54d50482efa8d8c7821fb1631a7d07c7acc,0x32400084c286cf3e17e7b677ea9583e60a000324,0x4756f8e689cecd038133732a42b029bfd06c6a0f11e25b8e8f6a4075217f9e40,0x0000000000000000000000000000000000000000000000000000000000000000,0xe34f85557e871cd18975ecbd8077263853b2674476a1c6e935ba68d4a54e0280,1
18732000,28,0x4ee95f3315b17b64cacb530bbb80d54d50482efa8d8c7821fb1631a7d07c7acc,0x32400084c286cf3e17e7b677ea9583e60a000324,0x4756f8e689cecd038133732a42b029bfd06c6a0f11e25b8e8f6a4075217f9e41,0x0000000000000000000000000000000000000000000000000000000000000000,0x0000000000000000000000000000000000000000000000000000000065714843,1
18732000,32,0xd615e9346952342bc9930ea32e3ab9b9b7eb0fd577c1a4b1c5088ba23594709b,0x322135dd9cbae8afa84727d9ae1434b5b3eba44b,0x0000000000000000000000000000000000000000000000000000000000000005,0x00000000000000000000000000000000000000000000000000020b552f535956,0x00000000000000000000000000000000000000000000000000020b85addf0704,1
18732000,32,0xd615e9346952342bc9930ea32e3ab9b9b7eb0fd577c1a4b1c5088ba23594709b,0x322135dd9cbae8afa84727d9ae1434b5b3eba44b,0x0000000000000000000000000000000000000000000000000000000000000006,0x00000000000000000000000000000000000000000000000000020c1d75141ab8,0x00000000000000000000000000000000000000000000000000020c7bba53f86f,1
18732000,32,0xd615e9346952342bc9930ea32e3ab9b9b7eb0fd577c1a4b1c5088ba23594709b,0x322135dd9cbae8afa84727d9ae1434b5b3eba44b,0x0000000000000000000000000000000000000000000000000000000000000007,0x0000000000000000000000000000000000000000000000000000000065714753,0x0000000000000000000000000000000000000000000000000000000065714843,1
18732000,32,0xd615e9346952342bc9930ea32e3ab9b9b7eb0fd577c1a4b1c5088ba23594709b,0x322135dd9cbae8afa84727d9ae1434b5b3eba44b,0x000000000000000000000000000000000000000000000000000000000000001a,0x000000000000000000000000000000000000000000000056c0b9677ff1356f27,0x000000000000000000000000000000000000000000000056c1478349b0396f27,1
18732000,32,0xd615e9346952342bc9930ea32e3ab9b9b7eb0fd577c1a4b1c5088ba23594709b,0x322135dd9cbae8afa84727d9ae1434b5b3eba44b,0x000000000000000000000000000000000000000000000000000000000000001b,0x0000000000000000000000000000000000000000000244ee586deec97e97d225,0x0000000000000000000000000000000000000000000244ea95d2b36d9cc519aa,1
18732000,32,0xd615e9346952342bc9930ea32e3ab9b9b7eb0fd577c1a4b1c5088ba23594709b,0x322135dd9cbae8afa84727d9ae1434b5b3eba44b,0x000000000000000000000000000000000000000000000000000000000000001c,0x0000000000000000000000000000000000000000000000a63a62bd417b3ee208,0x0000000000000000000000000000000000000000000000a63a6354037466fdf0,1
18732000,32,0xd615e9346952342bc9930ea32e3ab9b9b7eb0fd577c1a4b1c5088ba23594709b,0x322135dd9cbae8afa84727d9ae1434b5b3eba44b,0x000000000000000000000000000000000000000000000000000000000000001e,0x0000000000000000000000000000000000000000000000000ec3060feb35b956,0x0000000000000000000000000000000000000000000000000ec306169cdecf36,1
18732000,32,0xd615e9346952342bc9930ea32e3ab9b9b7eb0fd577c1a4b1c5088ba23594709b,0x322135dd9cbae8afa84727d9ae1434b5b3eba44b,0x000000000000000000000000000000000000000000000000000000000000001f,0x0000000000000000000000000000000000000000000000000ec3060feb35b956,0x0000000000000000000000000000000000000000000000000ec306169cdecf36,1
18732000,32,0xd615e9346952342bc9930ea32e3ab9b9b7eb0fd577c1a4b1c5088ba23594709b,0x322135dd9cbae8afa84727d9ae1434b5b3eba44b,0x0000000000000000000000000000000000000000000000000000000000000020,0x0000000000000000000000000000000000000000000000000e520d10739e15ea,0x0000000000000000000000000000000000000000000000000e520d1a17a64f07,1
18732000,32,0xd615e9346952342bc9930ea32e3ab9b9b7eb0fd577c1a4b1c5088ba23594709b,0xb34e1a3d07f9d180bc2fdb9fd90b8994423e33c1,0x0000000000000000000000000000000000000000000000000000000000000008,0x000000000000000000000000000000000000000000000d9a10b54f97b3561b80,0x000000000000000000000000000000000000000000000d9a10b87d6bedee8cf3,1
18732000,32,0xd615e9346952342bc9930ea32e3ab9b9b7eb0fd577c1a4b1c5088ba23594709b,0xb34e1a3d07f9d180bc2fdb9fd90b8994423e33c1,0x13922dd0cbb79ab56dc5b7aaa4af0fc65f863f74ddc1c173237a14a1925cf85c,0x00000000000000000000000000000000000000000000000e6066cb69e32935fa,0x00000000000000000000000000000000000000000000000e6069f93e1dc1a76d,1
18732000,32,0xd615e9346952342bc9930ea32e3ab9b9b7eb0fd577c1a4b1c5088ba23594709b,0xda47862a83dac0c112ba89c6abc2159b95afd71c,0xb91d82440b1690db31c245991ecc904b4383b16b24c195115a91e05a7f3265d3,0x0000000000000000000000000000000000000000000244ee586deec97e97d225,0x0000000000000000000000000000000000000000000244ea95d2b36d9cc519aa,1
18732000,32,0xd615e9346952342bc9930ea32e3ab9b9b7eb0fd577c1a4b1c5088ba23594709b,0xda47862a83dac0c112ba89c6abc2159b95afd71c,0xf6a902b81bb9d5155b77b17a2d240a9a852115e5eb176ba8c23f515cc7334e61,0x0000000000000000000000000000000000000000000000000000000000000000,0x000000000000000000000000000000000000000000000003c29b3b5be1d2b87b,1
18732000,33,0xb87043338e7d2e4bfc3ae3f5ba403481c591ba00e4b3c05f30440cae6c78a0e4,0xdac17f958d2ee523a2206206994597c13d831ec7,0xa51e82dba8e3b0f578dd9d9524241adb85733f67bf0c5969326a6740e20e5f5e,0x0000000000000000000000000000000000000000000000000000000017d78400,0x0000000000000000000000000000000000000000000000000000000000000000,1
18732000,33,0xb87043338e7d2e4bfc3ae3f5ba403481c591ba00e4b3c05f30440cae6c78a0e4,0xdac17f958d2ee523a2206206994597c13d831ec7,0xace14cc8f330e807faa3a01cebeb107d7c5b5c2146ce5dd681a01d158f45af96,0x0000000000000000000000000000000000000000000000000000000324ff5e87,0x000000000000000000000000000000000000000000000000000000033cd6e287,1
18732000,34,0x2dc3dbffc254889b0b1407b5d9a9837321fae5006cb98ad8835bf839f0bb6604,0xa0b86991c6218b36c1d19d4a2e9eb0ce3606eb48,0x0bf70062bd3ac803760c11ed6fb489148b8b5e0e5885725a75996bc38b593c22,0x0000000000000000000000000000000000000000000000000000000000000000,0x0000000000000000000000000000000000000000000000000000000013ab6680,1
18732000,34,0x2dc3dbffc254889b0b1407b5d9a9837321fae5006cb98ad8835bf839f0bb6604,0xa0b86991c6218b36c1d19d4a2e9eb0ce3606eb48,0x1200fbb72ed414a6878b4497e4c94889c9b143598018aefe25219c2354d59be8,0x0000000000000000000000000000000000000000000000000000000026349420,0x0000000000000000000000000000000000000000000000000000000012892da0,1
18732000,36,0x749297d44dd4c03e47b276d2d11205c75a598379e6c87954f0df5a958807f97b,0xa0b86991c6218b36c1d19d4a2e9eb0ce3606eb48,0x91efcc25886ebd22a3f777e6dad7b59ff6d5ca82a1ba537d708a88effe0d5d35,0x0000000000000000000000000000000000000000000000000000000363a2cf38,0x0000000000000000000000000000000000000000000000000000000364c72e3d,1
18732000,36,0x749297d44dd4c03e47b276d2d11205c75a598379e6c87954f0df5a958807f97b,0xa0b86991c6218b36c1d19d4a2e9eb0ce3606eb48,0xecd250dfea5a41ee2fb3a2535520cc1cd412a0ef452970d5ea2286a686c789a5,0x0000000000000000000000000000000000000000000000000000000001245f05,0x0000000000000000000000000000000000000000000000000000000000000000,1
18732000,37,0x6ddc8c0b89182eed6eb6e12046e24aadb3bff66c859dc4a3d1855d79f95a68da,0xa0b86991c6218b36c1d19d4a2e9eb0ce3606eb48,0x69de22a4b724bbfaf5b362dcd4ee5baa76d117ec4172171dc391cb5e2c61c7e4,0x000000000000000000000000000000000000000000000000000000000070e1d8,0x0000000000000000000000000000000000000000000000000000000000000000,1
18732000,37,0x6ddc8c0b89182eed6eb6e12046e24aadb3bff66c859dc4a3d1855d79f95a68da,0xa0b86991c6218b36c1d19d4a2e9eb0ce3606eb48,0x91efcc25886ebd22a3f777e6dad7b59ff6d5ca82a1ba537d708a88effe0d5d35,0x0000000000000000000000000000000000000000000000000000000364c72e3d,0x0000000000000000000000000000000000000000000000000000000365381015,1
18732000,40,0x081072a126cbe8c2c75b229c8138f308e6cdf3b9a3996676019a4d6b8e2a7643,0xdac17f958d2ee523a2206206994597c13d831ec7,0xd2cbd1dc2591e9c4a7316123ad6db3a7ced92eb0105cd2fa7f54c16490a06ecd,0x0000000000000000000000000000000000000000000000000000033c3c2f4b66,0x000000000000000000000000000000000000000000000000000003341605ad66,1
18732000,40,0x081072a126cbe8c2c75b229c8138f308e6cdf3b9a3996676019a4d6b8e2a7643,0xdac17f958d2ee523a2206206994597c13d831ec7,0xf85223243c50d530645e33673be3af4a07206c0679c546164ad217d6c3575507,0x0000000000000000000000000000000000000000000000000000000000000000,0x0000000000000000000000000000000000000000000000000000000826299e00,1
18732000,42,0x6e5e0405cce276e43877de1bfdf7de5211fd3d3ecb4c74ebcc94b5cf78d36b0f,0xdac17f958d2ee523a2206206994597c13d831ec7,0x0ee3f362fc8eb31ea2d988cd99aa98d0c0c19a2cb40939608413266d366b42ad,0x0000000000000000000000000000000000000000000000000000000000000000,0x000000000000000000000000000000000000000000000000000000003b9aca00,1
18732000,42,0x6e5e0405cce276e43877de1bfdf7de5211fd3d3ecb4c74ebcc94b5cf78d36b0f,0xdac17f958d2ee523a2206206994597c13d831ec7,0x1a8a0c2ef73d3936b933c7140e96a62415fe667067b5541141136c03c5550b8d,0x000000000000000000000000000000000000000000000000000000003f07ee1c,0x00000000000000000000000000000000000000000000000000000000036d241c,1
18732000,44,0xbf88c821677aca9acda97d58d00394cf3ff44df4a2b8af8bc0454c5af78dec51,0x000000000022d473030f116ddee9f6b43ac78ba3,0xb51c8b6417106a6a5ca32fc8eb73bf1a6d48459ee070b940135c9baea6b80976,0x0000000000000000000000000000000000000000000000000000000000000000,0x00000000000100006598d536ffffffffffffffffffffffffffffffffffffffff,1
18732000,44,0xbf88c821677aca9acda97d58d00394cf3ff44df4a2b8af8bc0454c5af78dec51,0x0800394f6e23dd539929c8b77a3d45c96f76aefc,0x2398af48015a142f22854414a4cb61bb74cd998094dac0619f917cc1f2f83d66,0x00000000000000000000000000000000000000000000ceb0bad9403098e4befe,0x000000000000000000000000000000000000000000006b29fa9436e9df24befe,1
18732000,44,0xbf88c821677aca9acda97d58d00394cf3ff44df4a2b8af8bc0454c5af78dec51,0x0800394f6e23dd539929c8b77a3d45c96f76aefc,0xf1825c2bc1ea00275d118f4ab213f30cb58a12806a18cdbaed05c01f50364ccf,0x00000000000000000000000000000000000000000015af4324ec63c923ffed99,0x0000000000000000000000000000000000000000001612c9e5316d0fddbfed99,1
18732000,44,0xbf88c821677aca9acda97d58d00394cf3ff44df4a2b8af8bc0454c5af78dec51,0x11b815efb8f581194ae79006d24e0d814b7697f6,0x0000000000000000000000000000000000000000000000000000000000000000,0x00010000b400b40018fcf632000000000000000000031c70648c6b27c7a0bd19,0x00010000b400b40019fcf62f000000000000000000031c565e53f535afc0cde9,1
18732000,44,0xbf88c821677aca9acda97d58d00394cf3ff44df4a2b8af8bc0454c5af78dec51,0x11b815efb8f581194ae79006d24e0d814b7697f6,0x0000000000000000000000000000000000000000000000000000000000000001,0x000000000000000000000000000014af33dc7b62b7ef73bc9e5e7b7267e12956,0x000000000000000000000000000014af3434a499842c3f846567c8082da93379,1
18732000,44,0xbf88c821677aca9acda97d58d00394cf3ff44df4a2b8af8bc0454c5af78dec51,0x11b815efb8f581194ae79006d24e0d814b7697f6,0x0000000000000000000000000000000000000000000000000000000000000021,0x010000000000000009ac02dcfe503dfbd48e901447fff126f6e40c1d6571140b,0x010000000000000009ac04c38640ba120718d85fecfff126583480cd65714843,1
18732000,44,0xbf88c821677aca9acda97d58d00394cf3ff44df4a2b8af8bc0454c5af78dec51,0x79db69ab1ed51261a9fdc3bf0e6db3fa48b8cc52,0x0000000000000000000000000000000000000000000000000000000000000000,0x000100000100010000fe436d000000000000000000dd6ebdab2576660cae6661,0x000100000100010000fe4314000000000000000000dc733707f5638e333927e5,1
18732000,44,0xbf88c821677aca9acda97d58d00394cf3ff44df4a2b8af8bc0454c5af78dec51,0x79db69ab1ed51261a9fdc3bf0e6db3fa48b8cc52,0x0000000000000000000000000000000000000000000000000000000000000001,0x0000000000000000000000000000012bc23ca8aae611dcfe5a888b11c3a7e12e,0x0000000000000000000000000000012bc5a5dce48e5a30cb4a11bb3b4d58b443,1
18732000,44,0xbf88c821677aca9acda97d58d00394cf3ff44df4a2b8af8bc0454c5af78dec51,0x79db69ab1ed51261a9fdc3bf0e6db3fa48b8cc52,0x0000000000000000000000000000000000000000000000000000000000000008,0x010000013800000000000002aaf43f289705115325ffffcd764f03dc65714813,0x010000013800000000000002aaf4e3a9d7b4af379bffffcd75fba84c65714843,1
18732000,44,0xbf88c821677aca9acda97d58d00394cf3ff44df4a2b8af8bc0454c5af78dec51,0xc02aaa39b223fe8d0a0e5c4f27ead9083c756cc2,0x0cb865ff1951c90111975d77bc75fa8312f25b08bb19b908f6b9c43691ac0caf,0x0000000000000000000000000000000000000000000000e76ef9215e3078c6e1,0x0000000000000000000000000000000000000000000000e7b85d54327d182418,1
18732000,44,0xbf88c821677aca9acda97d58d00394cf3ff44df4a2b8af8bc0454c5af78dec51,0xc02aaa39b223fe8d0a0e5c4f27ead9083c756cc2,0xf1825c2bc1ea00275d118f4ab213f30cb58a12806a18cdbaed05c01f50364ccf,0x00000000000000000000000000000000000000000000000c7e7b67a9c6415210,0x00000000000000000000000000000000000000000000000c351734d579a1f4d9,1
18732000,44,0xbf88c821677aca9acda97d58d00394cf3ff44df4a2b8af8bc0454c5af78dec51,0xdac17f958d2ee523a2206206994597c13d831ec7,0x169228ca33ea854d54aa1e506e59ec687f618a41074f5f5de937a0e9c6343e5a,0x000000000000000000000000000000000000000000000000000012f367885d31,0x000000000000000000000000000000000000000000000000000012f0a1a1c0b9,1
18732000,44,0xbf88c821677aca9acda97d58d00394cf3ff44df4a2b8af8bc0454c5af78dec51,0xdac17f958d2ee523a2206206994597c13d831ec7,0x518d63cca39c65c2a4f4a39727380e71f298397ed7f8fa8b721e4200fd4b4311,0x000000000000000000000000000000000000000000000000000000022f30d646,0x00000000000000000000000000000000000000000000000000000004f51772be,1
18732000,45,0x3a850a9e828fd72a5b5bff326f67d220101706581b9527e581928ffc00317dca,0x0eb1cb6d51e89e6b08d64a19ce9eb3f0926d2924,0x9cd796bf5c12137660cabb338bbab4f6e9c2205253a75effb721a036a5a2ab38,0x0000000000000000000000000000000000000000000000000000000000000000,0xffffffffffffffffffffffffffffffffffffffffffffffffffffffffffffffff,1
18732000,45,0x3a850a9e828fd72a5b5bff326f67d220101706581b9527e581928ffc00317dca,0x54e66a8cf6d69fbb5aec7d812d0cfc9fc25f0710,0x0000000000000000000000000000000000000000000000000000000000000002,0x0000000000000000000000000000000000000000000000000000000000000000,0x0000000000000000000000000eb1cb6d51e89e6b08d64a19ce9eb3f0926d2924,1
18732000,45,0x3a850a9e828fd72a5b5bff326f67d220101706581b9527e581928ffc00317dca,0x54e66a8cf6d69fbb5aec7d812d0cfc9fc25f0710,0x0000000000000000000000000000000000000000000000000000000000000003,0x0000000000000000000000000000000000000000000000000000000000000000,0x00000000000000000000000011e5e3e4d77c3ae3448aa6e002746ca150bba817,1
18732000,46,0x7c4ed172d6aecf975894338efd77aa85a4232a6139878b7a841a6717f86247c0,0xc02aaa39b223fe8d0a0e5c4f27ead9083c756cc2,0x75245230289a9f0bf73a6c59aef6651b98b3833a62a3c0bd9ab6b0dec8ed4d8f,0x0000000000000000000000000000000000000000000000c2141d016a48de0188,0x0000000000000000000000000000000000000000000000c220ea2ae3ab4c5988,1
18732000,46,0x7c4ed172d6aecf975894338efd77aa85a4232a6139878b7a841a6717f86247c0,0xdac17f958d2ee523a2206206994597c13d831ec7,0x0050c6b2fcdb7e4602e95cbeb4162f563a4d7c10bca724ef606433dd76777741,0x0000000000000000000000000000000000000000000000000000000000000000,0x000000000000000000000000000000000000000000000000000000007bfea76a,1
18732000,46,0x7c4ed172d6aecf975894338efd77aa85a4232a6139878b7a841a6717f86247c0,0xdac17f958d2ee523a2206206994597c13d831ec7,0x35d7fb7665514f774d2c2df607e197eb8674b6e63d2638472758647a2e67406a,0x000000000000000000000000000000000000000000000000000003ef0d03b960,0x000000000000000000000000000000000000000000000000000003ee910511f6,1
18732000,46,0x7c4ed172d6aecf975894338efd77aa85a4232a6139878b7a841a6717f86247c0,0xdef1c0ded9bec7f1a1670819833240f027b25eff,0xf687fa0afa78f7d1ba2f100aba33368edb2e5a2c480a055744b4ce3bd40b2ab0,0x0000000000000000000000000000000000000000000000000000000000000000,0x0000000000000000000000000000000000000000000000000ccd2979626e5800,1
18732000,47,0xadb6e454b10e271c9d61ebfd5ee99d8e1c57eb0115c99e8951264ed02743a047,0xcd87cc7bf308f4bde3d1a4f7015812445942c86d,0xada7ca51bf0864d411d0aa0fee043219766e76e557c2a48e25d0249772741a92,0x0000000000000000000000000000000000000000000000000000000000000000,0xffffffffffffffffffffffffffffffffffffffffffffffffffffffffffffffff,1
18732000,48,0x68bdbbfc96de7289fb9bc78f061f4bfb6a1405e80725ba3aeec74d0b395d729d,0x000000000022d473030f116ddee9f6b43ac78ba3,0x83a0bd4eb812ec1c8886db3ba65f696796e107673c24843ac3db9ebda998c8fe,0x0000000000000000000000000000000000000000000000000000000000000000,0x00000000000100006598d424ffffffffffffffffffffffffffffffffffffffff,1
18732000,48,0x68bdbbfc96de7289fb9bc78f061f4bfb6a1405e80725ba3aeec74d0b395d729d,0x09dcb31fff345cd9a15e39a5e4f18e43f68bfd1c,0x0000000000000000000000000000000000000000000000000000000000000008,0x657148070000000000003b2d1e2cfe21f43a000000000000341498f4b2a1613a,0x657148430000000000003cd76601222c0c8d00000000000032a8c3bbb5f84b95,1
18732000,48,0x68bdbbfc96de7289fb9bc78f061f4bfb6a1405e80725ba3aeec74d0b395d729d,0x09dcb31fff345cd9a15e39a5e4f18e43f68bfd1c,0x0000000000000000000000000000000000000000000000000000000000000009,0x000000000000000000000000000000000aef4366500f5efda58562795a8a80ac,0x000000000000000000000000000000000b3370258a81c1473516d1689d653928,1
18732000,48,0x68bdbbfc96de7289fb9bc78f061f4bfb6a1405e80725ba3aeec74d0b395d729d,0x09dcb31fff345cd9a15e39a5e4f18e43f68bfd1c,0x000000000000000000000000000000000000000000000000000000000000000a,0x0000000000000000000000000000000005ec938f1cf7867a5ac845b7462aa8d8,0x00000000000000000000000000000000062161c07d697f993bb16e63441db220,1
18732000,48,0x68bdbbfc96de7289fb9bc78f061f4bfb6a1405e80725ba3aeec74d0b395d729d,0xc02aaa39b223fe8d0a0e5c4f27ead9083c756cc2,0xc896724b2fed8eebb9ff6a10f1b1300a10016e77fc1211140d99882f319b0f61,0x000000000000000000000000000000000000000000000000341498f4b2a1613a,0x00000000000000000000000000000000000000000000000032a8c3bbb5f84b95,1
18732000,48,0x68bdbbfc96de7289fb9bc78f061f4bfb6a1405e80725ba3aeec74d0b395d729d,0xef754efb26b8da72eb8ef01c42579f95601637b3,0x2aa3dc15f520985eb5c278a5f30889913d5965d7a8f1948fa0ba57f0bb02c155,0x00000000000000000000000000000000000000000000000001ae962146050678,0x0000000000000000000000000000000000000000000000000000000000000000,1
18732000,48,0x68bdbbfc96de7289fb9bc78f061f4bfb6a1405e80725ba3aeec74d0b395d729d,0xef754efb26b8da72eb8ef01c42579f95601637b3,0x68ff8a070b2f1c9f8541cbce93f2b90bb1d5ef7449d41b5f25738fa56a6dfa7e,0x00000000000000000000000000000000000000000000000001ae962146050678,0x0000000000000000000000000000000000000000000000000000000000000000,1
18732000,48,0x68bdbbfc96de7289fb9bc78f061f4bfb6a1405e80725ba3aeec74d0b395d729d,0xef754efb26b8da72eb8ef01c42579f95601637b3,0xb829562d37d1bdf8068c8d5da4a9ca45b60d57a3dfb1ca7ada3e8ccd0b342e5c,0x00000000000000000000000000000000000000000000000000fe80ee34db135f,0x0000000000000000000000000000000000000000000000000102cf3b56d60184,1
18732000,48,0x68bdbbfc96de7289fb9bc78f061f4bfb6a1405e80725ba3aeec74d0b395d729d,0xef754efb26b8da72eb8ef01c42579f95601637b3,0xf6924c6226b1a456e6b8a920a17884892520d0beedfa8848280da129c3cf6b0f,0x0000000000000000000000000000000000000000000000003b2d1e2cfe21f43a,0x0000000000000000000000000000000000000000000000003cd76601222c0c8d,1
18732000,49,0x2275e7f920513a8610e888314fcbaf5510cea82d65f8ae75d5feb42c0e64ae3b,0xc02aaa39b223fe8d0a0e5c4f27ead9083c756cc2,0x2922c511234942fb99847c0f13ffe103bee997d76bb914fe727134080b6d57f7,0x0000000000000000000000000000000000000000000000003c276cb0942af9b4,0x0000000000000000000000000000000000000000000000003a67d1f6fb9da110,1
18732000,49,0x2275e7f920513a8610e888314fcbaf5510cea82d65f8ae75d5feb42c0e64ae3b,0xc2b3e8667931efd92ec9742ba0d1854411f6d02d,0x0000000000000000000000000000000000000000000000000000000000000008,0x657147ef00000009f89f6a4621a1553217fe0000000000003c276cb0942af9b4,0x657148430000000a4544e496a2d6fce9c8540000000000003a67d1f6fb9da110,1
18732000,49,0x2275e7f920513a8610e888314fcbaf5510cea82d65f8ae75d5feb42c0e64ae3b,0xc2b3e8667931efd92ec9742ba0d1854411f6d02d,0x0000000000000000000000000000000000000000000000000000000000000009,0x0000000000000000000000000008282288d8e257f9044dc2c811e7244efad0ac,0x0000000000000000000000000008360f0eaa5df907d8fb9d58e83c17090098a4,1
18732000,49,0x2275e7f920513a8610e888314fcbaf5510cea82d65f8ae75d5feb42c0e64ae3b,0xc2b3e8667931efd92ec9742ba0d1854411f6d02d,0x000000000000000000000000000000000000000000000000000000000000000a,0x000000000000000000000000000000000000041ed51abc7f42d6aca9dd1b74ec,0x0000000000000000000000000000000000000420cfdbbfe0712ed317832c8bfc,1
18732000,49,0x2275e7f920513a8610e888314fcbaf5510cea82d65f8ae75d5feb42c0e64ae3b,0xeda2604f283dc4c7c7088597ca1e8e6205939b47,0x2db0fcd209128625ae4017a9015cda1c53a55363bbd0cf7f31c39df68212265d,0xffffffffffffffffffffffffffffffffffffffffffffffffffffffffffffffff,0xffffffffffffffffffffffffffffffffffffffffffffb35a85af7eca58484fa9,1
18732000,49,0x2275e7f920513a8610e888314fcbaf5510cea82d65f8ae75d5feb42c0e64ae3b,0xeda2604f283dc4c7c7088597ca1e8e6205939b47,0x7df74816ff8a969650b3e0fd62312dcf5905f405edb84c938e6575183093d896,0x00000000000000000000000000000000000000000009f89f6a4621a1553217fe,0x0000000000000000000000000000000000000000000a4544e496a2d6fce9c854,1
18732000,49,0x2275e7f920513a8610e888314fcbaf5510cea82d65f8ae75d5feb42c0e64ae3b,0xeda2604f283dc4c7c7088597ca1e8e6205939b47,0xe1485aa90663653e10156263facfb59c3c77710988a708ee100a609a0e0ee000,0x000000000000000000000000000000000000000000004ca57a508135a7b7b056,0x0000000000000000000000000000000000000000000000000000000000000000,1
18732000,50,0xbc897ca9b4066e8c477e54b893d8ec7e0f2577e020798cd24e936d3834f4e20e,0xdac17f958d2ee523a2206206994597c13d831ec7,0x860dbbfd3136434394dc6ee28c104fb4a7fcec092b2fcb255831a3bded3fdcc7,0x00000000000000000000000000000000000000000000000000000001e13913c4,0x000000000000000000000000000000000000000000000000000000012e68b5c4,1
18732000,50,0xbc897ca9b4066e8c477e54b893d8ec7e0f2577e020798cd24e936d3834f4e20e,0xdac17f958d2ee523a2206206994597c13d831ec7,0xd6d8aea9506b49fa47b3f46aad02362c3fb8dde125282361d5f65a27e18797a1,0x000000000000000000000000000000000000000000000000000000010c388d00,0x00000000000000000000000000000000000000000000000000000001bf08eb00,1
18732000,56,0x7b3c2365ffabf023b679e16a1bb25f3c58c06f07ad8ac40b6b9bcb5186382a8a,0xdac17f958d2ee523a2206206994597c13d831ec7,0x214b66f9b358ca1fee4574fbc8ba5c3af2c5bd5bdda0cf1f2ab858395ee18a6a,0x000000000000000000000000000000000000000000000000000000000e61dbf2,0x0000000000000000000000000000000000000000000000000000000000000000,1
18732000,56,0x7b3c2365ffabf023b679e16a1bb25f3c58c06f07ad8ac40b6b9bcb5186382a8a,0xdac17f958d2ee523a2206206994597c13d831ec7,0xad267e00b2cb67f758a6a957405ebf5aa397001e1551c16f23c4e5bffed09c1f,0x000000000000000000000000000000000000000000000000000000016908cceb,0x00000000000000000000000000000000000000000000000000000001776aa8dd,1
18732000,59,0xe3929505f73be6200bcad318d516f6db5269e1ad7772798c5a3279da5f7bc0ce,0x000000000022d473030f116ddee9f6b43ac78ba3,0xf757914e664cc614cc1ed6e39c7dbf4869c7cd0d144952da0859faf0fd0ef1ab,0x0000000000000000000000000000000000000000000000000000000000000000,0x00000000000100006598d52dffffffffffffffffffffffffffffffffffffffff,1
18732000,59,0xe3929505f73be6200bcad318d516f6db5269e1ad7772798c5a3279da5f7bc0ce,0x11b815efb8f581194ae79006d24e0d814b7697f6,0x0000000000000000000000000000000000000000000000000000000000000000,0x00010000b400b40019fcf62f000000000000000000031c565e53f535afc0cde9,0x00010000b400b40019fcf62f000000000000000000031c56c0f226d08c1158b0,1
18732000,59,0xe3929505f73be6200bcad318d516f6db5269e1ad7772798c5a3279da5f7bc0ce,0x11b815efb8f581194ae79006d24e0d814b7697f6,0x0000000000000000000000000000000000000000000000000000000000000002,0x0000000000000000000000000000000000009788890a5860881c87276201cf03,0x00000000000000000000000000000000000097888916f985ebfee8815a2ae950,1
18732000,59,0xe3929505f73be6200bcad318d516f6db5269e1ad7772798c5a3279da5f7bc0ce,0xc02aaa39b223fe8d0a0e5c4f27ead9083c756cc2,0x0cb865ff1951c90111975d77bc75fa8312f25b08bb19b908f6b9c43691ac0caf,0x0000000000000000000000000000000000000000000000e7b85d54327d182418,0x0000000000000000000000000000000000000000000000e7b74751c9cd013d9f,1
18732000,59,0xe3929505f73be6200bcad318d516f6db5269e1ad7772798c5a3279da5f7bc0ce,0xc02aaa39b223fe8d0a0e5c4f27ead9083c756cc2,0x8dffe2eb9151e393b474a804ba8c830642e22fe70b00ed0311ef494142c8228f,0x000000000000000000000000000000000000000000000001974e9bc414142bca,0x00000000000000000000000000000000000000000000000198649e2cc42b1243,1
18732000,59,0xe3929505f73be6200bcad318d516f6db5269e1ad7772798c5a3279da5f7bc0ce,0xd13c7342e1ef687c5ad21b27c2b65d772cab5c8c,0x50c01a736c5618e072e29ae28ce8ca30d3e3b3091e85194c269c5bacec565efd,0x00000000000000000000000000000000000000000000000000000001503d5325,0x000000000000000000000000000000000000000000000000000000014fbafd80,1
18732000,59,0xe3929505f73be6200bcad318d516f6db5269e1ad7772798c5a3279da5f7bc0ce,0xd13c7342e1ef687c5ad21b27c2b65d772cab5c8c,0xa06a4d97b18ee970dc235d10e51f8aad650928a3e5296ca373dc996f9467a573,0x0000000000000000000000000000000000000000000000000000000000000000,0x00000000000000000000000000000000000000000000000000000000008255a5,1
18732000,59,0xe3929505f73be6200bcad318d516f6db5269e1ad7772798c5a3279da5f7bc0ce,0xdac17f958d2ee523a2206206994597c13d831ec7,0x169228ca33ea854d54aa1e506e59ec687f618a41074f5f5de937a0e9c6343e5a,0x000000000000000000000000000000000000000000000000000012f0a1a1c0b9,0x000000000000000000000000000000000000000000000000000012f0ac253c9b,1
18732000,59,0xe3929505f73be6200bcad318d516f6db5269e1ad7772798c5a3279da5f7bc0ce,0xdac17f958d2ee523a2206206994597c13d831ec7,0x31a42b2f7077d4fd71d60aff6dd8030fd456b2b21e428dc65cd0b0f9b4243fac,0x000000000000000000000000000000000000000000000000000000000a837be2,0x0000000000000000000000000000000000000000000000000000000000000000,1
18732000,59,0xe3929505f73be6200bcad318d516f6db5269e1ad7772798c5a3279da5f7bc0ce,0xdac17f958d2ee523a2206206994597c13d831ec7,0x7e69fde0aed1f4e0094dd546e1a6ba3ed2ff6cc33b585626f06e47aa3384deb1,0x000000000000000000000000000000000000000000000000000000000bebc200,0x000000000000000000000000000000000000000000000000000000000168461e,1
18732000,59,0xe3929505f73be6200bcad318d516f6db5269e1ad7772798c5a3279da5f7bc0ce,0xe8b977aa5a9303fa94818441d78575e0f697ae72,0x0000000000000000000000000000000000000000000000000000000000000000,0x000100004c004c0025fc805400000000000000000000b02e78c1e2cd90492db8,0x000100004c004c0026fc805000000000000000000000b02695803d2e239b4152,1
18732000,59,0xe3929505f73be6200bcad318d516f6db5269e1ad7772798c5a3279da5f7bc0ce,0xe8b977aa5a9303fa94818441d78575e0f697ae72,0x0000000000000000000000000000000000000000000000000000000000000001,0x0000000000000000000000000001651ecd87dc0d026d872d8594c70a05c68f2c,0x0000000000000000000000000001651ef89a3316ce07095d21d8ec66324a5a57,1
18732000,59,0xe3929505f73be6200bcad318d516f6db5269e1ad7772798c5a3279da5f7bc0ce,0xe8b977aa5a9303fa94818441d78575e0f697ae72,0x000000000000000000000000000000000000000000000000000000000000002e,0x010000f4bf00000496aff2119177cedf7697aa067cffeec7422e43ea656ef367,0x010000f4bf00000496eb1e277cd65463a712d7dbc1ffeebf181c0ae665714843,1
18732000,60,0x41e3e1dd149068e28262362287ada88b8f112c6a5527c35f64a7ff827d8c0bbe,0x000000000022d473030f116ddee9f6b43ac78ba3,0xce1f064e65729734030520230965f335939a56d1b63fa1318a460eea297ec10b,0x0000000000000000000000000000000000000000000000000000000000000000,0x00000000000100006598d512ffffffffffffffffffffffffffffffffffffffff,1
18732000,60,0x41e3e1dd149068e28262362287ada88b8f112c6a5527c35f64a7ff827d8c0bbe,0x31adda225642a8f4d7e90d4152be6661ab22a5a2,0x040f089329c4dec8163c3faf5ec5beb7c080b0fe00cefd55b9e450b542234509,0x00000000000000000000000000000000000000000001f4f6463fe99f89300ef0,0x00000000000000000000000000000000000000000001f4f96155474c96ae531c,1
18732000,60,0x41e3e1dd149068e28262362287ada88b8f112c6a5527c35f64a7ff827d8c0bbe,0x31adda225642a8f4d7e90d4152be6661ab22a5a2,0x43704c66508fe51e1f6a8f666dd29881851711bea46f3cd3862ff832bae3597a,0x000000000000000000000000000000000000000000022801211508bb3be160bf,0x000000000000000000000000000000000000000000022894a78bea573ccf0701,1
18732000,60,0x41e3e1dd149068e28262362287ada88b8f112c6a5527c35f64a7ff827d8c0bbe,0x31adda225642a8f4d7e90d4152be6661ab22a5a2,0x5f05ff733fd875d98936a1eb79ceeecb974122f02589e244dc17de3d1abb4557,0x00000000000000000000000000000000000000000000013deb89551e3e8950b0,0x0000000000000000000000000000000000000000000000a2a15d09519be00000,1
18732000,60,0x41e3e1dd149068e28262362287ada88b8f112c6a5527c35f64a7ff827d8c0bbe,0x31adda225642a8f4d7e90d4152be6661ab22a5a2,0x8543a2acbc2a6593e0df12a4bf45c20d1c9f7e6e1d97a6bc76887b444e8f141f,0x00000000000000000000000000000000000000000001f4f6463fe99f89300ef0,0x00000000000000000000000000000000000000000001f4f96155474c96ae531c,1
18732000,60,0x41e3e1dd149068e28262362287ada88b8f112c6a5527c35f64a7ff827d8c0bbe,0x31adda225642a8f4d7e90d4152be6661ab22a5a2,0xbe52b0803c7257349821a89aae29939facb06d9f6ab3f90d0ad5d7e6c7e31214,0x00000000000000000000000000000000000000000000013deb89551e3e8950b0,0x0000000000000000000000000000000000000000000000a2a15d09519be00000,1
18732000,60,0x41e3e1dd149068e28262362287ada88b8f112c6a5527c35f64a7ff827d8c0bbe,0x31adda225642a8f4d7e90d4152be6661ab22a5a2,0xdc8cf0f36441e3e980c1779dfb773549a6ac23186e9b02232f7d5fd78b3ccd56,0x00000000000000000000000000000000000000000000fa7b231ff4cfc49805db,0x00000000000000000000000000000000000000000000fa7cb0aaa3a64b5727f1,1
18732000,60,0x41e3e1dd149068e28262362287ada88b8f112c6a5527c35f64a7ff827d8c0bbe,0x88e6a0c2ddd26feeb64f039a2c41296fcb3f5640,0x0000000000000000000000000000000000000000000000000000000000000000,0x00010002d202d202070309c8000000000000524452ac7485c392755100c33f82,0x00010002d202d202070309c8000000000000524454c6ab66c091f39c3b57435c,1
18732000,60,0x41e3e1dd149068e28262362287ada88b8f112c6a5527c35f64a7ff827d8c0bbe,0x88e6a0c2ddd26feeb64f039a2c41296fcb3f5640,0x0000000000000000000000000000000000000000000000000000000000000002,0x00000000000000000000000000000dfafa8cc87a2fe20a2bd4528f8ff3838c64,0x00000000000000000000000000000dfafa8d0d6737d249a12ec578d417a7356b,1
18732000,60,0x41e3e1dd149068e28262362287ada88b8f112c6a5527c35f64a7ff827d8c0bbe,0xa0b86991c6218b36c1d19d4a2e9eb0ce3606eb48,0x0ebb7f885275b109a5085ed321aa01e4a9e93f4f3ecce19a9b5916b2f753f38c,0x0000000000000000000000000000000000000000000000000000000000000000,0x0000000000000000000000000000000000000000000000000000000015e055df,1
18732000,60,0x41e3e1dd149068e28262362287ada88b8f112c6a5527c35f64a7ff827d8c0bbe,0xa0b86991c6218b36c1d19d4a2e9eb0ce3606eb48,0x1f21a62c4538bacf2aabeca410f0fe63151869f172e03c0e00357ba26a341eff,0x00000000000000000000000000000000000000000000000000006c29e935ff85,0x00000000000000000000000000000000000000000000000000006c29d355a9a6,1
18732000,60,0x41e3e1dd149068e28262362287ada88b8f112c6a5527c35f64a7ff827d8c0bbe,0xc02aaa39b223fe8d0a0e5c4f27ead9083c756cc2,0x390f6178407c9b8e95802b8659e6df8e34c1e3d4f8d6a49e6132bbcdd937b63a,0x0000000000000000000000000000000000000000000002d479321c8592fd1aaa,0x0000000000000000000000000000000000000000000002d47b74be0690cc37d1,1
18732000,60,0x41e3e1dd149068e28262362287ada88b8f112c6a5527c35f64a7ff827d8c0bbe,0xc02aaa39b223fe8d0a0e5c4f27ead9083c756cc2,0x6c4f041bb765ba8603c861b42d75d4db996e5bb89ea833f49138afe27648462c,0x0000000000000000000000000000000000000000000000087ddfcf69d0798922,0x0000000000000000000000000000000000000000000000087b9d2de8d2aa6bfb,1
18732000,60,0x41e3e1dd149068e28262362287ada88b8f112c6a5527c35f64a7ff827d8c0bbe,0xeefaa1be6a07aa3dbf2356159d96593edaf9879c,0x0000000000000000000000000000000000000000000000000000000000000008,0x657148130000000000087ddfcf69d0798922000000022801211508bb3be160bf,0x657148430000000000087b9d2de8d2aa6bfb000000022894a78bea573ccf0701,1
18732000,60,0x41e3e1dd149068e28262362287ada88b8f112c6a5527c35f64a7ff827d8c0bbe,0xeefaa1be6a07aa3dbf2356159d96593edaf9879c,0x0000000000000000000000000000000000000000000000000000000000000009,0x00000000000000000000000000000000002f2bbac0fe1e4ae7b4887258a0debc,0x00000000000000000000000000000000002f2c77c8eff1003c611f5f1759b06c,1
18732000,60,0x41e3e1dd149068e28262362287ada88b8f112c6a5527c35f64a7ff827d8c0bbe,0xeefaa1be6a07aa3dbf2356159d96593edaf9879c,0x000000000000000000000000000000000000000000000000000000000000000a,0x00000000000000000000000000167207de0f004376382cd9f53bb51e66da02e4,0x000000000000000000000000001672140e4ee38bd45c40d8acea8ca3eb1a4954,1
18732000,61,0xabf0ce2e9e15b65534d7a403e462ab4c71ef9259da7bf7a8f10dc737f3da831f,0x4a220e6096b25eadb88358cb44068a3248254675,0x54c97b3d1d490c92dc5b94b0e1b40f873b81d70fa423df53b1b1da4bc48af6e0,0x0000000000000000000000000000000000000000000000000de0b6b3a7640000,0x00000000000000000000000000000000000000000000000ea849fca084f05707,1
18732000,61,0xabf0ce2e9e15b65534d7a403e462ab4c71ef9259da7bf7a8f10dc737f3da831f,0x4a220e6096b25eadb88358cb44068a3248254675,0x8f7f06908ba296357f64cd482adf6221bb8d0b0dcf93c03343a3c7712e8e74b7,0x00000000000000000000000000000000000000000000000e9a6945ecdd8c5707,0x0000000000000000000000000000000000000000000000000000000000000000,1
18732000,62,0x3d6b31d2c3b42ff9dfb207d173078b7d05b4b2798dceff8e58994b211c1c1553,0x0d7e906bd9cafa154b048cfa766cc1e54e39af9b,0x0000000000000000000000000000000000000000000000000000000000000069,0x0000000000000000000000000000000000000000000000000000000000013761,0x0000000000000000000000000000000000000000000000000000000000013762,1
18732000,62,0x3d6b31d2c3b42ff9dfb207d173078b7d05b4b2798dceff8e58994b211c1c1553,0x0d7e906bd9cafa154b048cfa766cc1e54e39af9b,0x7fb4302e8e91f9110a6554c2c0a24601252c2a42c2220ca988efcfe399927a69,0x0000000000000000000000000000000000000000000000000000000000000000,0x37b98d9126a971ea93635dbe7514be40aec5706425a08b76d09514da460de310,1
18732000,62,0x3d6b31d2c3b42ff9dfb207d173078b7d05b4b2798dceff8e58994b211c1c1553,0x6774bcbd5cecef1336b5300fb5186a12ddd8b367,0xb710b4a2932183a8a2d76b5b8f97f92c86f9ade1bb2d34feeecd1441f04f156b,0x0000000000000000000000000000000000000000000000000000000000000000,0x0000000000000000000000000000000000000000000000000000000065714843,1
18732000,65,0x72abf0d80e2a06b6999e7f979c40a6f7a34c991c8809e1510d9e8d50f0777d17,0xbbc6018b7c407fb7ee8821e7b78ce3d5af59836a,0x543f20550d2a3d5429d58e6a5ee0b694ea7e62dfb7490bced182f4588e8647c0,0x0000000000000000000000000000000000000000000000000000000000000000,0x0000000000000000000000000000000000000000000000000000000000200000,1
18732000,67,0x9cd3e8de1151616a275311098809225f0503a9c9874b0f2e9845d66480172a80,0x3f34697d0336598861d98091644516a9c4c78fa8,0x0cc1ba1b196a37b0a114b7959efc112b7c938e355b75e4af034cdf3f2c5b83ef,0x0000000000000000000000000000000000000000000000000d7989ba30ee1509,0x0000000000000000000000000000000000000000000000000cec9f6f1a3ce9ac,1
18732000,67,0x9cd3e8de1151616a275311098809225f0503a9c9874b0f2e9845d66480172a80,0x3f34697d0336598861d98091644516a9c4c78fa8,0xc5276a8ce973fce8fab67ab99ef47f734bb3b751cb1260bacd527b3096314de9,0x0000000000000000000000000000000000000000000000000000000000000000,0x000000000000000000000000000000000000000000000000008cea4b16b12b5d,1
18732000,67,0x9cd3e8de1151616a275311098809225f0503a9c9874b0f2e9845d66480172a80,0xc02aaa39b223fe8d0a0e5c4f27ead9083c756cc2,0x8d3810b0106e7d8cc6a864a106d6794dc2aaf0d2da1233228a7a6f639f0eae01,0x0000000000000000000000000000000000000000000000000e4b4b8af6a70000,0x0000000000000000000000000000000000000000000000000ee79d4f48c50000,1
18732000,67,0x9cd3e8de1151616a275311098809225f0503a9c9874b0f2e9845d66480172a80,0xe73bc3221aa88ed79e98310b910dd7990048141d,0x0000000000000000000000000000000000000000000000000000000000000008,0x657148070000000000000e4b4b8af6a700000000000000000d7989ba30ee1509,0x657148430000000000000ee79d4f48c500000000000000000cec9f6f1a3ce9ac,1
18732000,67,0x9cd3e8de1151616a275311098809225f0503a9c9874b0f2e9845d66480172a80,0xe73bc3221aa88ed79e98310b910dd7990048141d,0x0000000000000000000000000000000000000000000000000000000000000009,0x00000000000000000000000000000000000c0000000000000000000000000000,0x00000000000000000000000000000000004ba60008637bd0591687f2c650442c,1
18732000,67,0x9cd3e8de1151616a275311098809225f0503a9c9874b0f2e9845d66480172a80,0xe73bc3221aa88ed79e98310b910dd7990048141d,0x000000000000000000000000000000000000000000000000000000000000000a,0x00000000000000000000000000000000000c0000000000000000000000000000,0x0000000000000000000000000000000000448f89d26602c467e0215bf73fff58,1
18732000,68,0x29f048fb949243868fe5ec182228f1496bdfdad0b924b6518788fc803057afc7,0x000000000022d473030f116ddee9f6b43ac78ba3,0xbc781ff93c2a198ebe63e1aff36426bae1937f1a0ceb7bb09b301120b9baacd1,0x0000000000000000000000000000000000000000000000000000000000000000,0x00000000000100006598d52fffffffffffffffffffffffffffffffffffffffff,1
18732000,68,0x29f048fb949243868fe5ec182228f1496bdfdad0b924b6518788fc803057afc7,0x223a3d7a5f39c3367b223f70d230c5fc5230e320,0x0000000000000000000000000000000000000000000000000000000000000000,0x000100000100010000fe3e3b000000000000000000cf303638a61eab0ea95f2e,0x000100000100010000fe3cc4000000000000000000cb558f354c560c9248c722,1
18732000,68,0x29f048fb949243868fe5ec182228f1496bdfdad0b924b6518788fc803057afc7,0x223a3d7a5f39c3367b223f70d230c5fc5230e320,0x0000000000000000000000000000000000000000000000000000000000000001,0x0000000000000000000000000000000c3653fec4d645f0d950f9c4832249118d,0x0000000000000000000000000000000c45d4ec1d01a9f2bf577507cc24b4d4ae,1
18732000,68,0x29f048fb949243868fe5ec182228f1496bdfdad0b924b6518788fc803057afc7,0x223a3d7a5f39c3367b223f70d230c5fc5230e320,0x0000000000000000000000000000000000000000000000000000000000000008,0x01012e28480000000007fb1bf49b58436075a5231affedc2f19679fc65714477,0x01012e28480000000007fb1bf5b1540f6a8f67c7bbffedc2eaeac20065714843,1
18732000,68,0x29f048fb949243868fe5ec182228f1496bdfdad0b924b6518788fc803057afc7,0x4946fcea7c692606e8908002e55a582af44ac121,0x4e00a8e3983700abf87fe6ca35ea689fd1e88498eafaeccf1ab9a6c9babae329,0xffffffffffffffffffffffffffffffffffffffffffffffffffffffffffffffff,0xffffffffffffffffffffffffffffffffffffffffffffead2fd381eb5097dd7b1,1
18732000,68,0x29f048fb949243868fe5ec182228f1496bdfdad0b924b6518788fc803057afc7,0x4946fcea7c692606e8908002e55a582af44ac121,0xa0613560733de556a47f10a3633693c578f359a3cd470327aef6e399dd50f18a,0x00000000000000000000000000000000000000000006c7ae74e0b9986bfffe46,0x00000000000000000000000000000000000000000006dcdb77a89ae362822694,1
18732000,68,0x29f048fb949243868fe5ec182228f1496bdfdad0b924b6518788fc803057afc7,0x4946fcea7c692606e8908002e55a582af44ac121,0xef4aa3d816bc3dcc8cce51b0f8a88f11c8b1c8a8c956a75db9f880d959a3416b,0x00000000000000000000000000000000000000000000152d02c7e14af682284e,0x0000000000000000000000000000000000000000000000000000000000000000,1
18732000,68,0x29f048fb949243868fe5ec182228f1496bdfdad0b924b6518788fc803057afc7,0xc02aaa39b223fe8d0a0e5c4f27ead9083c756cc2,0x1c965600a1a0473155b16a98dac41e889f923654760a816edc77d9b3b431ed9d,0x0000000000000000000000000000000000000000000000004bc7f1d3bfa99820,0x0000000000000000000000000000000000000000000000003e4e01b1f15002be,1
18732000,69,0x8a8706d92c108441a666ae158ac814a2f9c239b9b35ee49b327d47fbb06665af,0x000000000022d473030f116ddee9f6b43ac78ba3,0x9802b9bf6d147e86c985ce03cea92560e63002a0440af6df3a11c72924573470,0x0000000000000000000000000000000000000000000000000000000000000000,0x00000000000100006598d4d7ffffffffffffffffffffffffffffffffffffffff,1
18732000,69,0x8a8706d92c108441a666ae158ac814a2f9c239b9b35ee49b327d47fbb06665af,0x56015bbe3c01fe05bc30a8a9a9fd9a88917e7db3,0x88bd0f732164dc271422c5019563d34c84aee183e43462cea70b40cf6d289f26,0x0000000000000000000000000000000000000000000000000000000000000000,0x0000000000000000000000000000000000000000000003b294065b955d9305e2,1
18732000,69,0x8a8706d92c108441a666ae158ac814a2f9c239b9b35ee49b327d47fbb06665af,0x56015bbe3c01fe05bc30a8a9a9fd9a88917e7db3,0xe39ad6076bf57d3bf21caa4a76ce6dc1950253f8554a0b0344a93c0d53d1905c,0x00000000000000000000000000000000000000000000c06c8a1db230c42d9442,0x00000000000000000000000000000000000000000000bcb9f617569b669a8e60,1
18732000,69,0x8a8706d92c108441a666ae158ac814a2f9c239b9b35ee49b327d47fbb06665af,0x781ce9a6808503261ab27973f3a34dd9f851a6fc,0x0000000000000000000000000000000000000000000000000000000000000008,0x657147fb00000000000234f708c9aa33b0e500000000c06c8a1db230c42d9442,0x657148430000000000024011348c9683b0e500000000bcb9f617569b669a8e60,1
18732000,69,0x8a8706d92c108441a666ae158ac814a2f9c239b9b35ee49b327d47fbb06665af,0x781ce9a6808503261ab27973f3a34dd9f851a6fc,0x0000000000000000000000000000000000000000000000000000000000000009,0x00000000000000000000000000000000174285829059f65abb29c10b156fd8b9,0x0000000000000000000000000000000017428655f57c4d46d948870916940771,1
18732000,69,0x8a8706d92c108441a666ae158ac814a2f9c239b9b35ee49b327d47fbb06665af,0x781ce9a6808503261ab27973f3a34dd9f851a6fc,0x000000000000000000000000000000000000000000000000000000000000000a,0x00000000000000000000000002e0f661cd49a5d7a3f7901306c65cae856d75e2,0x00000000000000000000000002e0f67a532048af33145292873513211ce23e72,1
18732000,69,0x8a8706d92c108441a666ae158ac814a2f9c239b9b35ee49b327d47fbb06665af,0xc02aaa39b223fe8d0a0e5c4f27ead9083c756cc2,0x1bb172ea6985463b210d75f6e277432fd99f9679eed8b491369913d81e7b615a,0x00000000000000000000000000000000000000000000000010c377957fcf0e42,0x00000000000000000000000000000000000000000000000005a94bd2937f0e42,1
18732000,69,0x8a8706d92c108441a666ae158ac814a2f9c239b9b35ee49b327d47fbb06665af,0xc02aaa39b223fe8d0a0e5c4f27ead9083c756cc2,0x41165c1721e5eca00d2fa1126c8bb07720d7b30e9b62b9b830b905a084f6d78d,0x00000000000000000000000000000000000000000000000234f708c9aa33b0e5,0x0000000000000000000000000000000000000000000000024011348c9683b0e5,1
18732000,69,0x8a8706d92c108441a666ae158ac814a2f9c239b9b35ee49b327d47fbb06665af,0xc02aaa39b223fe8d0a0e5c4f27ead9083c756cc2,0x8b66be74c53555e14eac0bb6ac28a85966cb8256644a97afe659365722442a58,0x0000000000000000000000000000000000000000000000000de0b6b3a7640000,0x00000000000000000000000000000000000000000000000002c68af0bb140000,1
18732000,70,0xfa1b8a309365514febbd35cce767d39cab3c3942f0206f7400d1bf33427530cd,0xc02aaa39b223fe8d0a0e5c4f27ead9083c756cc2,0x1bddce087e7755f86e6a98c3652838423d3da0af649c1aa07bf36d9644722db6,0x00000000000000000000000000000000000000000000000230193533cdd04899,0x0000000000000000000000000000000000000000000000022ef99ba6ae2287e1,1
18732000,70,0xfa1b8a309365514febbd35cce767d39cab3c3942f0206f7400d1bf33427530cd,0xdc631bdcb5ad07d86643f6524de0fd8a33a00a9f,0x0000000000000000000000000000000000000000000000000000000000000008,0x657147a700000000000000035a56f581da6400000000000230193533cdd04899,0x6571484300000000000000035c11ea25894c0000000000022ef99ba6ae2287e1,1
18732000,70,0xfa1b8a309365514febbd35cce767d39cab3c3942f0206f7400d1bf33427530cd,0xdc631bdcb5ad07d86643f6524de0fd8a33a00a9f,0x0000000000000000000000000000000000000000000000000000000000000009,0x0000000000000000000000000000000000049d1a31e9f5a6b02bbc526b47f40c,0x0000000000000000000000000000000000049e094308b3ea95eb67d2669bfcdc,1
18732000,70,0xfa1b8a309365514febbd35cce767d39cab3c3942f0206f7400d1bf33427530cd,0xdc631bdcb5ad07d86643f6524de0fd8a33a00a9f,0x000000000000000000000000000000000000000000000000000000000000000a,0x0000000000000000000000000002c722237be236bf891b6da4d5beef43222450,0x0000000000000000000000000002c787ef3461e94e9b61f50a0c79cf55b2da4c,1
18732000,70,0xfa1b8a309365514febbd35cce767d39cab3c3942f0206f7400d1bf33427530cd,0xfec6606f51e780a1f7303605d22485d0c41afa38,0x058d1650e579afb3d02849ae984758b5eb4960e6b93361b4e7c8ac683e25fa57,0x000000000000000000000000000000000000000000000000000001e179377b55,0x0000000000000000000000000000000000000000000000000000000000000000,1
18732000,70,0xfa1b8a309365514febbd35cce767d39cab3c3942f0206f7400d1bf33427530cd,0xfec6606f51e780a1f7303605d22485d0c41afa38,0xb29451ea304675f2f06ee5ee15ac228d7dc5f8f9fa0ad0577d1d4d0d86cb8f32,0x000000000000000000000000000000000000000000000000000001e179377b55,0x0000000000000000000000000000000000000000000000000000000000000000,1
18732000,70,0xfa1b8a309365514febbd35cce767d39cab3c3942f0206f7400d1bf33427530cd,0xfec6606f51e780a1f7303605d22485d0c41afa38,0xb80be25e8851fa3bf020024ffa15053418672004114ad409455f19ab92f5434c,0x0000000000000000000000000000000000000000000000000000026783c3cbfb,0x0000000000000000000000000000000000000000000000000000028e08579868,1
18732000,70,0xfa1b8a309365514febbd35cce767d39cab3c3942f0206f7400d1bf33427530cd,0xfec6606f51e780a1f7303605d22485d0c41afa38,0xf00fa8cd60eb82dcc7f7ced4e745f66af058f24dde6cf1742ea6b51aaafa9df5,0x00000000000000000000000000000000000000000000000000035a56f581da64,0x00000000000000000000000000000000000000000000000000035c11ea25894c,1
18732000,71,0xcfe55f927bd7415e09f6b93b2cf9b70cba8b0b1749d7c06d3b3e40f3a51f989d,0xb668beb1fa440f6cf2da0399f8c28cab993bdd65,0x1ddb71ef15a86f1b4603f506b8043aadfe52c7a5f17bf1e366136cb24c9d852c,0x0000000000000000000000000000000000000000000000000000000000000000,0x000000000000000000000000000000000000000000000000000000000000075d,1
18732000,71,0xcfe55f927bd7415e09f6b93b2cf9b70cba8b0b1749d7c06d3b3e40f3a51f989d,0xb668beb1fa440f6cf2da0399f8c28cab993bdd65,0x2cd2e05f23dedf64d6434187847867fb0976a6e6fc34bdafef7d46a9e1482f2d,0x0000000000000000000000000000000000000000000000000000000000000001,0x0000000000000000000000000000000000000000000000000000000000000000,1
18732000,71,0xcfe55f927bd7415e09f6b93b2cf9b70cba8b0b1749d7c06d3b3e40f3a51f989d,0xb668beb1fa440f6cf2da0399f8c28cab993bdd65,0x6c2d487cdce2359e064263c3d8c06726a4852768e415764f27bca59d65b57e69,0x0000000000000000000000000000000000000000000000000000000000000398,0x0000000000000000000000000000000000000000000000000000000000000000,1
18732000,71,0xcfe55f927bd7415e09f6b93b2cf9b70cba8b0b1749d7c06d3b3e40f3a51f989d,0xb668beb1fa440f6cf2da0399f8c28cab993bdd65,0x75897f099968e99607666fc3f8880fd9406db2ad25353e797220558f1523a4cb,0x0000000000000000000000005816b7fb6796ac88859fa9ceb4a87100f97d7770,0x000000000000000000000000b9951b43802dcf3ef5b14567cb17adf367ed1c0f,1
18732000,71,0xcfe55f927bd7415e09f6b93b2cf9b70cba8b0b1749d7c06d3b3e40f3a51f989d,0xb668beb1fa440f6cf2da0399f8c28cab993bdd65,0xa9cf5729e7580d11502bf2aff79638cc2dacac51ea0c5696139b45c26b3773c4,0x000000000000000000000000000000000000000000000000000000000000075d,0x000000000000000000000000000000000000000000000000000000000000075e,1
18732000,71,0xcfe55f927bd7415e09f6b93b2cf9b70cba8b0b1749d7c06d3b3e40f3a51f989d,0xb668beb1fa440f6cf2da0399f8c28cab993bdd65,0xce44e00ae1b63422ba988912a4c9bd6adc571a12b8f9ed112cf4a58a3c8b138b,0x0000000000000000000000000000000000000000000000000000000000000000,0x0000000000000000000000000000000000000000000000000000000000000398,1
18732000,71,0xcfe55f927bd7415e09f6b93b2cf9b70cba8b0b1749d7c06d3b3e40f3a51f989d,0xb9951b43802dcf3ef5b14567cb17adf367ed1c0f,0x000000000000000000000000000000000000000000000000000000000000012f,0x0000000000000000000000000000000000000000000000000000000000000770,0x0000000000000000000000000000000000000000000000000000000000000771,1
18732000,71,0xcfe55f927bd7415e09f6b93b2cf9b70cba8b0b1749d7c06d3b3e40f3a51f989d,0xb9951b43802dcf3ef5b14567cb17adf367ed1c0f,0x02e8bbc2526fcd8a48747de10c20b7391cd139fd753f556e723b6ae866bd31bc,0x0000000000000000000000000000000000000000000000000000000000000000,0x0000000000000000020000000000000000000000000000000000000000000000,1
18732000,71,0xcfe55f927bd7415e09f6b93b2cf9b70cba8b0b1749d7c06d3b3e40f3a51f989d,0xb9951b43802dcf3ef5b14567cb17adf367ed1c0f,0x232da9e50dad2971456a78fb5cd6ff6b75019984d6e918139ce99099942100e9,0x0000000000000000000000000000000000000000000000000000000000000000,0x0000000000000000000000000000000000000000000000000000000000000398,1
18732000,71,0xcfe55f927bd7415e09f6b93b2cf9b70cba8b0b1749d7c06d3b3e40f3a51f989d,0xb9951b43802dcf3ef5b14567cb17adf367ed1c0f,0x698605807a86a0d467b4e63aec3de1ae5b967fad14e6304462d5a753d5799b36,0x0000000000000000000000000000000000000000000000000000000000000000,0x0000000000000000000000000000000000000000000000000000000000000770,1
18732000,71,0xcfe55f927bd7415e09f6b93b2cf9b70cba8b0b1749d7c06d3b3e40f3a51f989d,0xb9951b43802dcf3ef5b14567cb17adf367ed1c0f,0x86cade962b41122a31991b3745f7ba1686daadb003874759820bf5bd5ea491e8,0x0000000000000000000000000000000000000000000000000000000000000000,0x0000000000000000000000005816b7fb6796ac88859fa9ceb4a87100f97d7770,1
18732000,71,0xcfe55f927bd7415e09f6b93b2cf9b70cba8b0b1749d7c06d3b3e40f3a51f989d,0xb9951b43802dcf3ef5b14567cb17adf367ed1c0f,0x8862a965a85ba9e3851ba362305127151e28a82ea9ec1ae06802ed57e8e2ee13,0x0000000000000000000000000000000000000000000000000000000000000000,0x0000000000000000000000000000000000000000000000000000000000000001,1
18732000,71,0xcfe55f927bd7415e09f6b93b2cf9b70cba8b0b1749d7c06d3b3e40f3a51f989d,0xb9951b43802dcf3ef5b14567cb17adf367ed1c0f,0xdb5657b2a5c735d7eaffbbcaec56dad922313801ccade8521213cd0b8001d63c,0x0000000000000000000000000000000000000000000000000000000000000000,0x0000000000000000000000000000000000000000000000000000000000000398,1
18732000,72,0x2f0ee9335a8215fe3b531ef80d5699cb184d0627980067f6e4a3c475f4f57869,0xb196718fc5aa91946f4369c80425a54600f41327,0xb30b65603c8e513630c570724df05d095b3b9d9e22371cc815a83021f80bfa60,0x0000000000000000000000000000000000000000000000000000000000000000,0xffffffffffffffffffffffffffffffffffffffffffffffffffffffffffffffff,1
18732000,74,0x86d763a13a9af40c2483203a61030a017517ce75a0f4a7df43912c78b297a079,0xc02aaa39b223fe8d0a0e5c4f27ead9083c756cc2,0x8dddb340f748b63348680762e5fd14c6478d52566dfd9b45b4f9fc475118fa77,0x0000000000000000000000000000000000000000000000000000000000000000,0x000000000000000000000000000000000000000000000000027f7d0bdb920000,1
18732000,75,0xeecbbcd3d682860532753d7dd23ac59e1bfb6cc9379cda8a196d3afabd65c02c,0x89bc08ba00f135d608bc335f6b33d7a9abcc98af,0x516c80d6e314b88e8a47a97b108edfd7041701cbd024f0f319493a98e4ece39b,0x0000000000000000000000000000000000000000000000000000000000000000,0x0000000000000000000000000000000000000000000000000000000000000001,1
18732000,79,0xfff990c34ad9960ee5e26a4483723a577c743b38cd62bf365a3fb5e00967f691,0x09dcb31fff345cd9a15e39a5e4f18e43f68bfd1c,0x0000000000000000000000000000000000000000000000000000000000000008,0x657148430000000000003cd76601222c0c8d00000000000032a8c3bbb5f84b95,0x657148430000000000003c8f6a397880654600000000000032e52924a726cb95,1
18732000,79,0xfff990c34ad9960ee5e26a4483723a577c743b38cd62bf365a3fb5e00967f691,0xc02aaa39b223fe8d0a0e5c4f27ead9083c756cc2,0xc896724b2fed8eebb9ff6a10f1b1300a10016e77fc1211140d99882f319b0f61,0x00000000000000000000000000000000000000000000000032a8c3bbb5f84b95,0x00000000000000000000000000000000000000000000000032e52924a726cb95,1
18732000,79,0xfff990c34ad9960ee5e26a4483723a577c743b38cd62bf365a3fb5e00967f691,0xef754efb26b8da72eb8ef01c42579f95601637b3,0x000000000000000000000000000000000000000000000000000000000000000e,0x00000000000000000000000000000000000000000000000000000000000000a1,0x00000000000000000000000000000000000000000000000000000000000000a2,1
18732000,79,0xfff990c34ad9960ee5e26a4483723a577c743b38cd62bf365a3fb5e00967f691,0xef754efb26b8da72eb8ef01c42579f95601637b3,0x74c849cf6b92e39c6418ddd708927419d8b795f86b2b663b8544acf549f6859a,0x0000000000000000000000000000000000000000000000000000000000000000,0x000000000000000000000000000000000000000000000000004743808bd0563f,1
18732000,79,0xfff990c34ad9960ee5e26a4483723a577c743b38cd62bf365a3fb5e00967f691,0xef754efb26b8da72eb8ef01c42579f95601637b3,0xb829562d37d1bdf8068c8d5da4a9ca45b60d57a3dfb1ca7ada3e8ccd0b342e5c,0x0000000000000000000000000000000000000000000000000102cf3b56d60184,0x0000000000000000000000000000000000000000000000000103878274b1528c,1
18732000,79,0xfff990c34ad9960ee5e26a4483723a577c743b38cd62bf365a3fb5e00967f691,0xef754efb26b8da72eb8ef01c42579f95601637b3,0xf6924c6226b1a456e6b8a920a17884892520d0beedfa8848280da129c3cf6b0f,0x0000000000000000000000000000000000000000000000003cd76601222c0c8d,0x0000000000000000000000000000000000000000000000003c8f6a3978806546,1
18732000,80,0x5dd9a1c881a7ee18ebbab2c6fa49875cacf55642cbd700d8a0916cca242862f6,0x29469395eaf6f95920e59f858042f0e28d98a20b,0x7b7d838ac7378e1dc9b9dd09773bfae7b9f24b2013e905bfa48d43191bd35182,0x6628387f1feff50ae172c588a136e12eff67aea579b32c42fd29c8afdf997402,0x2938ef7e7985aa1a40293d81bfdfeb10c047af982813946c85426a2e8964601b,1
18732000,84,0x0ebca165f42bf5efdc25e668f80ca8e6ed8ca640f7169dbdce1b5c3e6eef64f8,0x49048044d57e1c92a77f79988d21fa8faf74e97e,0x0000000000000000000000000000000000000000000000000000000000000001,0x00000000011dd3dd00000000000186a00000000000000000000000003b9aca00,0x00000000011dd3e000000000000186a00000000000000000000000003b9aca00,1
18732000,86,0x1281164e47e4c001468f09abfb4c69aefcbbc7918830e0b1efb077f7c2542dca,0xdac17f958d2ee523a2206206994597c13d831ec7,0xbfc0b0b2e8cbb27cebfa61fc6ea5e816600e23cf3060940b7035e772d4eab4a7,0x0000000000000000000000000000000000000000000000000000000000000000,0x00000000000000000000000000000000000000000000000000000000316d0bb0,1
18732000,86,0x1281164e47e4c001468f09abfb4c69aefcbbc7918830e0b1efb077f7c2542dca,0xdac17f958d2ee523a2206206994597c13d831ec7,0xefa0c25bcfb6f1f2e4bdbca89bf2931d45344a2d03b61ae989901ad0d45680d5,0x0000000000000000000000000000000000000000000000000000000a238c8ac6,0x00000000000000000000000000000000000000000000000000000009f21f7f16,1
18732000,87,0xf0825c490001e1824a2aa7a5ae73cb7bd897a075f7e8d9436f685aaec3e90aaf,0xaaee1a9723aadb7afa2810263653a34ba2c21c7a,0x61e0e7de1433c41e633997637c1574f52e3b9a4b68d44fb70d7c50d82824f4b9,0x000000000000000000000000000000000000000000022f9788253d22af5aadca,0x0000000000000000000000000000000000000000068beeec5bb74834fe8da72b,1
18732000,87,0xf0825c490001e1824a2aa7a5ae73cb7bd897a075f7e8d9436f685aaec3e90aaf,0xaaee1a9723aadb7afa2810263653a34ba2c21c7a,0xe8370f8e7f793f91c2b6e49010bf52dbaaf58e8f07d988605364509f42c3ba3d,0x00000000000000000000000000000000000000c8a9dd59bda3ee4da66a74e90e,0x00000000000000000000000000000000000000c8a3539a68d05c42941b41efad,1
18732000,87,0xf0825c490001e1824a2aa7a5ae73cb7bd897a075f7e8d9436f685aaec3e90aaf,0xc02aaa39b223fe8d0a0e5c4f27ead9083c756cc2,0x8a0869b48cb256b682d977ea9bc491a3e1d479c22ec392a89df1b845f379ccee,0x00000000000000000000000000000000000000000000000e6fb4f3e2592645a7,0x00000000000000000000000000000000000000000000000e702dbeb43b8345a7,1
18732000,87,0xf0825c490001e1824a2aa7a5ae73cb7bd897a075f7e8d9436f685aaec3e90aaf,0xc2eab7d33d3cb97692ecb231a5d0e4a649cb539d,0x0000000000000000000000000000000000000000000000000000000000000008,0x6571481300000000000e6fb4f3e2592645a700c8a9dd59bda3ee4da66a74e90e,0x6571484300000000000e702dbeb43b8345a700c8a3539a68d05c42941b41efad,1
18732000,87,0xf0825c490001e1824a2aa7a5ae73cb7bd897a075f7e8d9436f685aaec3e90aaf,0xc2eab7d33d3cb97692ecb231a5d0e4a649cb539d,0x0000000000000000000000000000000000000000000000000000000000000009,0x000000000000000000000000000000000000000ecd86b10016d68bbb4aae4348,0x000000000000000000000000000000000000000ecd8a25097c240e39d67c1668,1
18732000,87,0xf0825c490001e1824a2aa7a5ae73cb7bd897a075f7e8d9436f685aaec3e90aaf,0xc2eab7d33d3cb97692ecb231a5d0e4a649cb539d,0x000000000000000000000000000000000000000000000000000000000000000a,0x000000000000000000000d1e55cd6f66882d994e023d3f5910e414e4a5644280,0x000000000000000000000d1e5868a111bfe3982c5633889c646d033f258cd530,1
18732000,88,0xc9ccae61d49be6fbe05ea92a039b1e703c4f2b5790d4a5ba20372feefa1a8210,0x0800394f6e23dd539929c8b77a3d45c96f76aefc,0x44268fedf9dbb798b98ce9774c931ea19039d9bc69bacd7493c39ab555fdfa12,0x000000000000000000000000000000000000000000001501a48cefdfde000000,0x0000000000000000000000000000000000000000000000000000000000000000,1
18732000,88,0xc9ccae61d49be6fbe05ea92a039b1e703c4f2b5790d4a5ba20372feefa1a8210,0x0800394f6e23dd539929c8b77a3d45c96f76aefc,0x908a3c58d073d52939c8d72c1246d2eca7d1fb08fd8e9a9ef1e024a2f5e922fb,0x0000000000000000000000000000000000000000019c96f1c75974b4d9b8e2f3,0x0000000000000000000000000000000000000000019c81f022cc84d4fbb8e2f3,1
18732000,88,0xc9ccae61d49be6fbe05ea92a039b1e703c4f2b5790d4a5ba20372feefa1a8210,0x0800394f6e23dd539929c8b77a3d45c96f76aefc,0xf1825c2bc1ea00275d118f4ab213f30cb58a12806a18cdbaed05c01f50364ccf,0x0000000000000000000000000000000000000000001612c9e5316d0fddbfed99,0x0000000000000000000000000000000000000000001627cb89be5cefbbbfed99,1
18732000,88,0xc9ccae61d49be6fbe05ea92a039b1e703c4f2b5790d4a5ba20372feefa1a8210,0x79db69ab1ed51261a9fdc3bf0e6db3fa48b8cc52,0x0000000000000000000000000000000000000000000000000000000000000000,0x000100000100010000fe4314000000000000000000dc733707f5638e333927e5,0x000100000100010000fe4301000000000000000000dc3e6975749753ef45cce1,1
18732000,88,0xc9ccae61d49be6fbe05ea92a039b1e703c4f2b5790d4a5ba20372feefa1a8210,0x79db69ab1ed51261a9fdc3bf0e6db3fa48b8cc52,0x0000000000000000000000000000000000000000000000000000000000000001,0x0000000000000000000000000000012bc5a5dce48e5a30cb4a11bb3b4d58b443,0x0000000000000000000000000000012bc65e2a261aaad167d663d901667c8014,1
18732000,88,0xc9ccae61d49be6fbe05ea92a039b1e703c4f2b5790d4a5ba20372feefa1a8210,0xc02aaa39b223fe8d0a0e5c4f27ead9083c756cc2,0xf1825c2bc1ea00275d118f4ab213f30cb58a12806a18cdbaed05c01f50364ccf,0x00000000000000000000000000000000000000000000000c351734d579a1f4d9,0x00000000000000000000000000000000000000000000000c25aefc8bdb6286f5,1
18732000,90,0xa61f5d0d80bbabbd3371bb082281ec4f1f4e39493ac9847a1f9de04949caf665,0x1d20a51f088492a0f1c57f047a9e30c9ab5c07ea,0x6a9a335e2cd480ede883a5d73234f032b31cb7306ca0f0fa4f3a916da379e844,0x0000000000000000000000000000000000000000000000000000000000000000,0x0000000000000000000000000000000000000000000000000000000000000001,1
18732000,91,0x4a2ad49879bf188932d2c0a588d282bea0b641bcb6e701bff57540716e126a2a,0x4d224452801aced8b2f0aebe155379bb5d594381,0x30624645848b58f3237ffc74a137fd3e55dba6772a91a8d5626c6944d52d6b47,0x0000000000000000000000000000000000000000000002e5a8da258174042001,0x0000000000000000000000000000000000000000000000000000000000000001,1
18732000,91,0x4a2ad49879bf188932d2c0a588d282bea0b641bcb6e701bff57540716e126a2a,0x4d224452801aced8b2f0aebe155379bb5d594381,0xf320692c47514b5ff69503836be0506f1667cd3f5c074c801b2305e178ec6842,0x000000000000000000000000000000000000000000065518a78a6ca99b912a05,0x0000000000000000000000000000000000000000000657fe5064922b0f954a05,1
18732000,92,0x6cdb824a501045c4696f88c0f3ac9f456339e0156934b3d32914f4ca64562044,0x4ffe9cc172527df1e40d0b2efe1e9f05884a13da,0x7c8a8407ee6fe57136f7aa5a779dc6db79d43cd8808a469cfd28f67b299b7369,0xfffffffffffffffffffffffffffffffffffffffffffffe84877c3f96e99fffff,0xfffffffffffffffffffffffffffffffffffffffffffffe4e51b291d10affffff,1
18732000,92,0x6cdb824a501045c4696f88c0f3ac9f456339e0156934b3d32914f4ca64562044,0x4ffe9cc172527df1e40d0b2efe1e9f05884a13da,0xcc0ce2454c3776774bbacdafe3fb7bee7981006798295f0aafc49d3ff24c46c1,0x00000000000000000000000000000000000000000000222e4181121026ab79db,0x000000000000000000000000000000000000000000002264774abfd6054b79db,1
18732000,92,0x6cdb824a501045c4696f88c0f3ac9f456339e0156934b3d32914f4ca64562044,0x4ffe9cc172527df1e40d0b2efe1e9f05884a13da,0xfcb32cd63abc6456d5fadac9489b40edeb6583f845f1b1d1f1fd27ffc4b9b34e,0x00000000000000000000000000000000000000000000036654b192e75ad97dc9,0x0000000000000000000000000000000000000000000003301ee7e5217c397dc9,1
18732000,92,0x6cdb824a501045c4696f88c0f3ac9f456339e0156934b3d32914f4ca64562044,0x7aadb097c665eb81460d1ee5133841e1a4651072,0x0000000000000000000000000000000000000000000000000000000000000008,0x6571481f000000000006e8f4433de951d7de00000000222e4181121026ab79db,0x65714843000000000006de18506ea2a405e1000000002264774abfd6054b79db,1
18732000,92,0x6cdb824a501045c4696f88c0f3ac9f456339e0156934b3d32914f4ca64562044,0x7aadb097c665eb81460d1ee5133841e1a4651072,0x0000000000000000000000000000000000000000000000000000000000000009,0x0000000000000000000000000000000001cbe286c50073e136bce16eba9299f0,0x0000000000000000000000000000000001cbe9cde0ef3a6113646dfb610ff99c,1
18732000,92,0x6cdb824a501045c4696f88c0f3ac9f456339e0156934b3d32914f4ca64562044,0x7aadb097c665eb81460d1ee5133841e1a4651072,0x000000000000000000000000000000000000000000000000000000000000000a,0x00000000000000000000000000002a530d525cac1c96aab082e9e3eeffc55608,0x00000000000000000000000000002a53bf65f3f10f1f4553f1be1a47faeaf4cc,1
18732000,92,0x6cdb824a501045c4696f88c0f3ac9f456339e0156934b3d32914f4ca64562044,0xc02aaa39b223fe8d0a0e5c4f27ead9083c756cc2,0x2e442ac15543d54e7806c65fa4b7a66ff382954a8fc176f2e759ecbd0178c5e3,0x00000000000000000000000000000000000000000000000068a76301486a7844,0x00000000000000000000000000000000000000000000000068fb48e9ba87401a,1
18732000,92,0x6cdb824a501045c4696f88c0f3ac9f456339e0156934b3d32914f4ca64562044,0xc02aaa39b223fe8d0a0e5c4f27ead9083c756cc2,0xeea7fddd376501e74917c1080909a3cabaf2afadd912cd0cf098935f2ee53391,0x000000000000000000000000000000000000000000000006e8f4433de951d7de,0x000000000000000000000000000000000000000000000006de18506ea2a405e1,1
18732000,93,0xd47c7f5e587be29e38c9161affc46f45c822a3f3cd7862e89323207954246c01,0x000000000022d473030f116ddee9f6b43ac78ba3,0xd53e3d169ee077f7fded6087e6afd04efdea55b604412799d71404b366ffa610,0x0000000000000000000000000000000000000000000000000000000000000000,0x00000000000100006598d52bffffffffffffffffffffffffffffffffffffffff,1
18732000,93,0xd47c7f5e587be29e38c9161affc46f45c822a3f3cd7862e89323207954246c01,0x6d92dcbc2f61865a904259984fa6340775ba876e,0x0000000000000000000000000000000000000000000000000000000000000008,0x657147ef000000000001f34a5339409a2bd1000000000003d261913219b9d1c9,0x65714843000000000001f6ade85a237562d3000000000003cbcdfead4e695554,1
18732000,93,0xd47c7f5e587be29e38c9161affc46f45c822a3f3cd7862e89323207954246c01,0x6d92dcbc2f61865a904259984fa6340775ba876e,0x0000000000000000000000000000000000000000000000000000000000000009,0x00000000000000000000000000000000e3e98658c341100dbf62208bf3b38368,0x00000000000000000000000000000000e4146454ce4a61248938fc7def0235a0,1
18732000,93,0xd47c7f5e587be29e38c9161affc46f45c822a3f3cd7862e89323207954246c01,0x6d92dcbc2f61865a904259984fa6340775ba876e,0x000000000000000000000000000000000000000000000000000000000000000a,0x00000000000000000000000000000076427a3e521813c421f7d3812325900cc8,0x00000000000000000000000000000076431ed8580cc6457473af1fd3344c1018,1
18732000,93,0xd47c7f5e587be29e38c9161affc46f45c822a3f3cd7862e89323207954246c01,0xc02aaa39b223fe8d0a0e5c4f27ead9083c756cc2,0x014735e94b2c52e04a84281cd6a1911552d4f76f12284c4a526ca07f4341aa60,0x000000000000000000000000000000000000000000000003d261913219b9d1c9,0x000000000000000000000000000000000000000000000003cbcdfead4e695554,1
18732000,93,0xd47c7f5e587be29e38c9161affc46f45c822a3f3cd7862e89323207954246c01,0xddbb3e6f8413d0e3adc700a731da304aec97bcbb,0x0000000000000000000000000000000000000000000000000000000000000008,0xfee6a69303244c58d06821a66f673d166c40a1359cba3fcba3252cfe0875f2a9,0xfee5d5c26705fa4f8eff043c3db7fba17dcb234162648d060187a16387a6b2a9,1
18732000,93,0xd47c7f5e587be29e38c9161affc46f45c822a3f3cd7862e89323207954246c01,0xddbb3e6f8413d0e3adc700a731da304aec97bcbb,0x0000000000000000000000000000000000000000000000000000000000000009,0x00000000000000000000000000000000000000000000000005f8725556f791fb,0x00000000000000000000000000000000000000000000000005fce333a4efb1fb,1
18732000,93,0xd47c7f5e587be29e38c9161affc46f45c822a3f3cd7862e89323207954246c01,0xddbb3e6f8413d0e3adc700a731da304aec97bcbb,0x0225a08be1a50f6ec2d68249ec6cbd005e9523b821590fd9e80253903eacc8df,0x00bae5dcb6c777660e92e60914b9795581b678e9d36a478fd533841ae9c42779,0x0017c2e2bf17602af473eb1243ce55fb35ec121c40769d29921e736647da2779,1
18732000,93,0xd47c7f5e587be29e38c9161affc46f45c822a3f3cd7862e89323207954246c01,0xddbb3e6f8413d0e3adc700a731da304aec97bcbb,0x0a17188357555e19662ff0fbeb7ec9dcece61613ba3fd874637c2fcc325cca76,0x0074fab8080cb06cc970c7a8c7217e96a0edbde5e55bc19659e392507d13aeea,0x00769c594049547f4c43027d2a8001807dd8b9ce5a0727219d1ea9857eb22eea,1
18732000,93,0xd47c7f5e587be29e38c9161affc46f45c822a3f3cd7862e89323207954246c01,0xddbb3e6f8413d0e3adc700a731da304aec97bcbb,0x550af71ffab050fe5b69dbc7c8d64fdaf8554643732eedb10cd0299dd57ca5e0,0xffffffffffffffffffffffffffffffffffffffffffffffffffffffffffffffff,0xfffffffffffffffffffffffffffffffffffffffffffffffffc87d2531626ffff,1
18732000,93,0xd47c7f5e587be29e38c9161affc46f45c822a3f3cd7862e89323207954246c01,0xddbb3e6f8413d0e3adc700a731da304aec97bcbb,0x5806ca12e7d3a9d3ee80c315fce219619e8f9835e450ccdbefdc1a4ab16f6e5d,0x5bb518ae273ae2bbaba80b2b6fce4fb05a21b613bfae5d11c4e5fc912deb2639,0x5c54279512535fc87eb9730f484d2bc1fda0a71c2ef5899bdfe753414bc8e639,1
18732000,93,0xd47c7f5e587be29e38c9161affc46f45c822a3f3cd7862e89323207954246c01,0xddbb3e6f8413d0e3adc700a731da304aec97bcbb,0x5a1929799f3e16fd76388f8d8bd15bb84527242d8cdb01877c00e7be696d40c5,0x001127755bf519c66609455d5ed73d72c9a3df7b92287ec1697eeee200f24c5a,0x0012c9169431bdd8e8db8031c235c05ca68edb6406d3e44cacba06170290cc5a,1
18732000,94,0xe4f69445b4de212a33cd72bfc80856bca23bf1f8de775f718be3e91c84b4aafa,0x1b8d13207f4b0a47b5086329dc789d712277c9a1,0x0000000000000000000000000000000000000000000000000000000000000008,0x657146570000000000000088a050dc7106d3000000000000322bdb0c78ee78a7,0x657148430000000000000086f9b529f64cae00000000000032c96a2e341195f3,1
18732000,94,0xe4f69445b4de212a33cd72bfc80856bca23bf1f8de775f718be3e91c84b4aafa,0x1b8d13207f4b0a47b5086329dc789d712277c9a1,0x0000000000000000000000000000000000000000000000000000000000000009,0x0000000000000000000000000000000138528b6e082667c0cd85fe99e60a1cac,0x000000000000000000000000000000013857c73dd04020701ca2906b43e9d340,1
18732000,94,0xe4f69445b4de212a33cd72bfc80856bca23bf1f8de775f718be3e91c84b4aafa,0x1b8d13207f4b0a47b5086329dc789d712277c9a1,0x000000000000000000000000000000000000000000000000000000000000000a,0x0000000000000000000000000001890b8f21a30b4ef95e3e9c810e12cf0e70d8,0x0000000000000000000000000001890c43cd3366b672bb65aa680ef46ddb9fcc,1
18732000,94,0xe4f69445b4de212a33cd72bfc80856bca23bf1f8de775f718be3e91c84b4aafa,0xc02aaa39b223fe8d0a0e5c4f27ead9083c756cc2,0xa2ac9760ce7cfe8a35258b8e55ad96f8880e533bd6fbccd4970778fbb5905fb2,0x000000000000000000000000000000000000000000000000322bdb0c78ee78a7,0x00000000000000000000000000000000000000000000000032c96a2e341195f3,1
18732000,94,0xe4f69445b4de212a33cd72bfc80856bca23bf1f8de775f718be3e91c84b4aafa,0xfe6ed1a0bde1d7181a0343998ae47f3993ff3a77,0x000000000000000000000000000000000000000000000000000000000000000e,0x0000000000000000000000000000000000000000000000000000000000001748,0x0000000000000000000000000000000000000000000000000000000000001749,1
18732000,94,0xe4f69445b4de212a33cd72bfc80856bca23bf1f8de775f718be3e91c84b4aafa,0xfe6ed1a0bde1d7181a0343998ae47f3993ff3a77,0x2cd5934f6bf4d543839186b06b623bfd8bd6444ae8e630e14137e0b72b4a78c6,0x000000000000000000000000000000000000000000000000000260ab13f85030,0x0000000000000000000000000000000000000000000000000002691ed4fac48c,1
18732000,94,0xe4f69445b4de212a33cd72bfc80856bca23bf1f8de775f718be3e91c84b4aafa,0xfe6ed1a0bde1d7181a0343998ae47f3993ff3a77,0x3e20ffe4ecf9477f92f265bb81807bf1f03917af81a2084447c6c1d500afa178,0x0000000000000000000000000000000000000000000000000000000000000000,0x00000000000000000000000000000000000000000000000000019e27f17845c9,1
18732000,94,0xe4f69445b4de212a33cd72bfc80856bca23bf1f8de775f718be3e91c84b4aafa,0xfe6ed1a0bde1d7181a0343998ae47f3993ff3a77,0x8d308d52a790daeea7bf8b9098a1c7515d7217d2d5c7f3448db3e1400d2a2b01,0x0000000000000000000000000000000000000000000000000088a050dc7106d3,0x0000000000000000000000000000000000000000000000000086f9b529f64cae,1
18732000,97,0x03c3fcfbcc72d1fd627cf44a329de20a5154731b4e6ad7ee0488b508c33e53ae,0x000000000022d473030f116ddee9f6b43ac78ba3,0x351e68a731a010577463b8bec583cd07a64421a513e86a2a10318ad722fd772a,0x0000000000000000000000000000000000000000000000000000000000000000,0x00000000000100006598d4fdffffffffffffffffffffffffffffffffffffffff,1
18732000,97,0x03c3fcfbcc72d1fd627cf44a329de20a5154731b4e6ad7ee0488b508c33e53ae,0x9e45787a221a7b50a42c859f1e3d9c1b8a9781c2,0x0000000000000000000000000000000000000000000000000000000000000008,0x657147d7000000000000025931f7a5f3608a00000000000042a0378bcfb22d16,0x65714843000000000000025d3427ccb6cec3000000000000422f9515315a63bd,1
18732000,97,0x03c3fcfbcc72d1fd627cf44a329de20a5154731b4e6ad7ee0488b508c33e53ae,0x9e45787a221a7b50a42c859f1e3d9c1b8a9781c2,0x0000000000000000000000000000000000000000000000000000000000000009,0x0000000000000000000000000000000007735c55fbbfe9119e3918c70bbad740,0x0000000000000000000000000000000007772ade676f1cb772bde2c259ec4248,1
18732000,97,0x03c3fcfbcc72d1fd627cf44a329de20a5154731b4e6ad7ee0488b508c33e53ae,0x9e45787a221a7b50a42c859f1e3d9c1b8a9781c2,0x000000000000000000000000000000000000000000000000000000000000000a,0x0000000000000000000000000000000db33ea343fd9c9936cb372ba10f12ee9c,0x0000000000000000000000000000000dbf36a7433546e0c3580af89b5ad54810,1
18732000,97,0x03c3fcfbcc72d1fd627cf44a329de20a5154731b4e6ad7ee0488b508c33e53ae,0xc02aaa39b223fe8d0a0e5c4f27ead9083c756cc2,0xcbe359484bcf06c161d7e03026ea11fa6405769324bf19934ea6c1ce7d72b956,0x00000000000000000000000000000000000000000000000042a0378bcfb22d16,0x000000000000000000000000000000000000000000000000422f9515315a63bd,1
18732000,97,0x03c3fcfbcc72d1fd627cf44a329de20a5154731b4e6ad7ee0488b508c33e53ae,0xdc4d924ea04fdc858804aedf0ca18c68e49d6b11,0x6d65831d9c4460837eb3032c6690e15d2f8347d9898497277c8700831120a61b,0x000000000000000000000000000000000000000000000000025931f7a5f3608a,0x000000000000000000000000000000000000000000000000025d3427ccb6cec3,1
18732000,97,0x03c3fcfbcc72d1fd627cf44a329de20a5154731b4e6ad7ee0488b508c33e53ae,0xdc4d924ea04fdc858804aedf0ca18c68e49d6b11,0x9639c4b86a7b9108ea3372b06291bb57ef97ec24df5288f920ee25542e3751f2,0xffffffffffffffffffffffffffffffffffffffffffffffffffffffffffffffff,0xfffffffffffffffffffffffffffffffffffffffffffffffffffbfdcfd93c91c6,1
18732000,97,0x03c3fcfbcc72d1fd627cf44a329de20a5154731b4e6ad7ee0488b508c33e53ae,0xdc4d924ea04fdc858804aedf0ca18c68e49d6b11,0xb475b75502e132775c70fd6286428e9f0f3160c9c85a7a53d6258bb5814eee31,0x0000000000000000000000000000000000000000000000000004023026c36e39,0x0000000000000000000000000000000000000000000000000000000000000000,1
18732000,98,0x9188fb4433b8c6240053ab9c564d1dbb806e0bb8deeecddb3b8f150dba563892,0x92d6c1e31e14520e676a687f0a93788b716beff5,0x14d5413ff27936ba102a83b37ab362c68c6637cbf479548e731bb2aee560fc93,0x0000000000000000000000000000000000000000000000000000000000000000,0x0000000000000001b4b28e4b31c8a000000000000000000000000000011dd3e0,1
18732000,98,0x9188fb4433b8c6240053ab9c564d1dbb806e0bb8deeecddb3b8f150dba563892,0x92d6c1e31e14520e676a687f0a93788b716beff5,0x1753b666b568471e724d840f84e71c2e2fe140f3d6453524c6dc85268fa34fe1,0x0000000000000000000000000000000000000000000000000000000000000000,0x00000000000000000000000000000000000000000000000000000000011dd3e0,1
18732000,98,0x9188fb4433b8c6240053ab9c564d1dbb806e0bb8deeecddb3b8f150dba563892,0x92d6c1e31e14520e676a687f0a93788b716beff5,0x1aaa57318f8b22d5df4f3484c843df3cc50e0a3e1994d4a5aed91649c36e5dd7,0x0000000000000000000000000000000000000000000000000000000000000000,0x000000000000000000000000000000000000000000000001b4b28e4b31c8a000,1
18732000,98,0x9188fb4433b8c6240053ab9c564d1dbb806e0bb8deeecddb3b8f150dba563892,0x92d6c1e31e14520e676a687f0a93788b716beff5,0x1f6ca8594e6c7ac0e9814692a5aef603965b0b4f0365baa10f609bbf8e4690e4,0x0000000000000000000000000000000000000000000000000000000000000000,0x0000000000000000000000000000000000000000000000000000000000000001,1
18732000,98,0x9188fb4433b8c6240053ab9c564d1dbb806e0bb8deeecddb3b8f150dba563892,0x92d6c1e31e14520e676a687f0a93788b716beff5,0x2693419f99a4d8f49247ba1b50c8965fa73d64f968ccb1b2fd378ec24a11ce31,0x0000000000000000000000000000000000000000000000000000000000000001,0x0000000000000000000000000000000000000000000000000000000000000002,1
18732000,98,0x9188fb4433b8c6240053ab9c564d1dbb806e0bb8deeecddb3b8f150dba563892,0x92d6c1e31e14520e676a687f0a93788b716beff5,0x4da26d0abea17001bf4a179e226017185b9036b16c05ecedbcf98f28a32f6387,0x0000000000000000000000000000000000000000000000000000000000000001,0x0000000000000000000000000000000000000000000000000000000000000002,1
18732000,98,0x9188fb4433b8c6240053ab9c564d1dbb806e0bb8deeecddb3b8f150dba563892,0x92d6c1e31e14520e676a687f0a93788b716beff5,0x705993f5878a7575d7ea7295ecafd104e6c25dbe663026d5dd9bf2f06c5601d7,0x0000000000000000000000000000000000000000000000000000000000000000,0x0000000000000001b4b28e4b31c8a000000000000000000000000000011dd3e0,1
18732000,98,0x9188fb4433b8c6240053ab9c564d1dbb806e0bb8deeecddb3b8f150dba563892,0x92d6c1e31e14520e676a687f0a93788b716beff5,0xa0dd69b6cf5a2e3fe1f6b66c81ad3f503cd704c611cd306b45d5140381f5a5c0,0x0000000000000000000000000000000000000000000000000000000000000000,0x0000000000000000000000000000000000000000000000000000000000000001,1
18732000,98,0x9188fb4433b8c6240053ab9c564d1dbb806e0bb8deeecddb3b8f150dba563892,0x92d6c1e31e14520e676a687f0a93788b716beff5,0xa3537537312769a0021b5eac8f566c1bc9c7fc907ca2c716a3c34375b9b58fa4,0x000000000000000000000000000000000000000000000001b4b28e4b31c8a000,0x0000000000000000000000000000000000000000000000000000000000000000,1
18732000,98,0x9188fb4433b8c6240053ab9c564d1dbb806e0bb8deeecddb3b8f150dba563892,0x92d6c1e31e14520e676a687f0a93788b716beff5,0xd92c4042ddec3d2d1b9d36271f228f4d59e9cb556f48e5e41980d1ef5535bbab,0x0000000000000000000000000000000000000000000000000000000000000000,0x00000000000000000000000000000000000000000000000000000000011dd3e0,1
18732000,99,0x978144eedd54dc6d8a7b8a67ee4c2d74e74da19a1a01818fa9237fbee4ecb2d8,0xc8168d5665f4418353728ac970713e09c0b7c20e,0x3319577ff740cb0555a8254ea3770e0127a98e816ae565d1c64e5ca7ee5b7f24,0x0000000000000000000000000000000000000000000000000000000000000000,0xffffffffffffffffffffffffffffffffffffffffffffffffffffffffffffffff,1
18732000,100,0xfee743751510f8a1e978b61934ca952066a247587fe0c624c7d4cbfb4639d356,0x6996b3ae65ee898e9530536da2695b2e1b22241f,0x1af912fa98ce95aed4ca449bc1775101c94832951fee2dec04ade05218d1b6ec,0x000000000000000000000000000000000000000000013da329b6336471800000,0x0000000000000000000000000000000000000000000000000000000000000000,1
18732000,100,0xfee743751510f8a1e978b61934ca952066a247587fe0c624c7d4cbfb4639d356,0x6996b3ae65ee898e9530536da2695b2e1b22241f,0x9712c5f4ae141a6f9cc8dc3e42fa112f2f61db2542acdcfcacfc4f4a07f87faa,0x0000000000000000000000000000000000000000033b2e3c9fd0803ce8000000,0x00000000000000000000000000000000000000000339f099761a4cd876800000,1
18732000,100,0xfee743751510f8a1e978b61934ca952066a247587fe0c624c7d4cbfb4639d356,0x6996b3ae65ee898e9530536da2695b2e1b22241f,0xbb8f739fc8774a8c2ab4da836e455688ae36fa187f842f7ded739ca4e831c9f2,0x0000000000000000000000000000000000000000000000000000000000000000,0x000000000000000000000000000000000000000000013da329b6336471800000,1
18732000,100,0xfee743751510f8a1e978b61934ca952066a247587fe0c624c7d4cbfb4639d356,0xba5ba4b8848cbe6182e10ee7da16a5d3ccd451b9,0x0000000000000000000000000000000000000000000000000000000000000000,0x0000000000000000000000000000000000000000000000000000000000000000,0x0000000000000000000000000000000000000000000000000000000000000001,1
18732000,100,0xfee743751510f8a1e978b61934ca952066a247587fe0c624c7d4cbfb4639d356,0xba5ba4b8848cbe6182e10ee7da16a5d3ccd451b9,0x0000000000000000000000000000000000000000000000000000000000000033,0x0000000000000000000000000000000000000000000000000000000000000000,0x000000000000000000000000b84a44ec98b1470bce62dfd47d368406796e0d43,1
18732000,100,0xfee743751510f8a1e978b61934ca952066a247587fe0c624c7d4cbfb4639d356,0xba5ba4b8848cbe6182e10ee7da16a5d3ccd451b9,0x0000000000000000000000000000000000000000000000000000000000000068,0x0000000000000000000000000000000000000000000000000000000000000000,0x000000000000000000000000000000000000000000013da329b6336471800000,1
18732000,100,0xfee743751510f8a1e978b61934ca952066a247587fe0c624c7d4cbfb4639d356,0xba5ba4b8848cbe6182e10ee7da16a5d3ccd451b9,0x0000000000000000000000000000000000000000000000000000000000000069,0x0000000000000000000000000000000000000000000000000000000000000000,0x00000000000001000447b84a44ec98b1470bce62dfd47d368406796e0d43016c,1
18732000,100,0xfee743751510f8a1e978b61934ca952066a247587fe0c624c7d4cbfb4639d356,0xba5ba4b8848cbe6182e10ee7da16a5d3ccd451b9,0x000000000000000000000000000000000000000000000000000000000000006a,0x0000000000000000000000000000000000000000000000000000000000000000,0x0000000000000000000000006996b3ae65ee898e9530536da2695b2e1b22241f,1
18732000,100,0xfee743751510f8a1e978b61934ca952066a247587fe0c624c7d4cbfb4639d356,0xba5ba4b8848cbe6182e10ee7da16a5d3ccd451b9,0x000000000000000000000000000000000000000000000000000000000000006b,0x0000000000000000000000000000000000000000000000000000000000000000,0x000000000000000000000000dc6afbaca4f28f2063d9f9e0a5152e077a8f7f7a,1
18732000,100,0xfee743751510f8a1e978b61934ca952066a247587fe0c624c7d4cbfb4639d356,0xdc6afbaca4f28f2063d9f9e0a5152e077a8f7f7a,0x0000000000000000000000000000000000000000000000000000000000000002,0x0000000000000000000000000000000000000000000000000000000000000000,0x0000000000000000000000000ae6e5bbc082a892b04916691b14b55761a53a86,1
18732000,100,0xfee743751510f8a1e978b61934ca952066a247587fe0c624c7d4cbfb4639d356,0xdc6afbaca4f28f2063d9f9e0a5152e077a8f7f7a,0x0000000000000000000000000000000000000000000000000000000000000005,0x0000000000000000000000000000000000000000000000000000000000000000,0x0000000000000000000000000000000000000000000000000000000000000001,1
18732000,100,0xfee743751510f8a1e978b61934ca952066a247587fe0c624c7d4cbfb4639d356,0xdc6afbaca4f28f2063d9f9e0a5152e077a8f7f7a,0x0000000000000000000000000000000000000000000000000000000000000009,0x0000000000000000000000000000000000000000000000000000000000000000,0x000000000000000000000000000000000000000000013da329b6336471800000,1
18732000,100,0xfee743751510f8a1e978b61934ca952066a247587fe0c624c7d4cbfb4639d356,0xdc6afbaca4f28f2063d9f9e0a5152e077a8f7f7a,0x036b6384b5eca791c62761152d0c79bb0604c104a5fb6f4eb0703f3154bb3db0,0x0000000000000000000000000000000000000000000000000000000000000000,0x000000000000000000000000b84a44ec98b1470bce62dfd47d368406796e0d43,1
18732000,100,0xfee743751510f8a1e978b61934ca952066a247587fe0c624c7d4cbfb4639d356,0xdc6afbaca4f28f2063d9f9e0a5152e077a8f7f7a,0x0c14f15c32d000a626899374a87cf05b33834a501e8f25b3493f2e0726035db8,0x0000000000000000000000000000000000000000000000000000000000000000,0x000000000000000000000000ba5ba4b8848cbe6182e10ee7da16a5d3ccd451b9,1
18732000,100,0xfee743751510f8a1e978b61934ca952066a247587fe0c624c7d4cbfb4639d356,0xdc6afbaca4f28f2063d9f9e0a5152e077a8f7f7a,0x103c06769b343717cba2a07fe1c6dafcb25e3a69e56714a679ea76f66d201e9d,0x0000000000000000000000000000000000000000000000000000000000000000,0x000000000000000000000000000000000000000000013da329b6336471800000,1
18732000,100,0xfee743751510f8a1e978b61934ca952066a247587fe0c624c7d4cbfb4639d356,0xdc6afbaca4f28f2063d9f9e0a5152e077a8f7f7a,0x5d5f9846f677ca12d3844a60f0d9be7d1f2d85380981cac38812fd2e5c7628fd,0x0000000000000000000000000000000000000000000000000000000000000000,0x0000000000000000000000000000000000000000000000000000000000000001,1
18732000,100,0xfee743751510f8a1e978b61934ca952066a247587fe0c624c7d4cbfb4639d356,0xdc6afbaca4f28f2063d9f9e0a5152e077a8f7f7a,0x9aacb2d2d4465f5a6f857176c4ab00448d07571fee3d276f00bb16088f54d4c3,0x0000000000000000000000000000000000000000000000000000000000000000,0x0000000000000000000000000000000000000000000000000000000000000001,1
